hour,Log_NR,T_mean,H_mean,UHI_mean,HI_mean
0,Log_401,14.42827994794978,79.25150308177746,0,14.00133234126984
0,Log_402,14.333223743760392,80.96030615256103,-0.12946458847265666,13.94765483234714
0,Log_403,17.07101015083149,75.38043598177657,1.0091102718649065,16.80162441314554
0,Log_404,15.147333948318154,73.55252133868522,1.1724517935374026,14.638472943722943
0,Log_405,14.98221269281345,79.14545213828264,0.544432364385443,14.602486274509804
0,Log_406,16.20254961003978,71.61901033196403,1.7700513084611276,15.748176413255361
0,Log_407,15.788836174204175,73.12287822926531,1.3539297014741911,15.332779411764706
0,Log_408,15.750540237787911,74.0035277192923,1.317173340369438,15.313431773879142
0,Log_409,16.27331734978234,82.34226964960419,1.3786636144882916,16.106294964028777
0,Log_410,14.926272183551074,76.8510801741922,0.4847846888431118,14.481038235294118
0,Log_411,15.821234692327677,72.68939965865314,1.5907352835211042,15.356979742173113
0,Log_412,17.616282935081067,67.3304086874698,2.698858412037291,17.19721935483871
0,Log_413,15.989229451923139,72.71760673774531,1.5537268571501233,15.542543604651163
0,Log_414,16.90771289661878,72.15619436288615,2.110624051609403,16.539690949227374
0,Log_416,16.256058275619168,74.47316210423416,1.7781344344341583,15.881681459566074
0,Log_417,14.68400184033052,75.74089512916095,1.1043412825571213,14.185525252525252
0,Log_418,15.952259116038615,75.77904058825463,1.5249225392707884,15.581688109161794
0,Log_420,16.01185642587267,73.5494132068888,1.3942969008290735,15.58890890269151
0,Log_421,15.587679788834063,76.44675699209192,1.151092927443351,15.198217054263566
0,Log_422,16.001642301138755,74.5478538125509,1.5481120139365734,15.603788954635109
0,Log_423,15.676672331541365,74.79900555348087,1.242040936564855,15.252856725146199
0,Log_424,14.62212644194017,80.40426796338433,0.18442249900392485,14.23936862745098
0,Log_425,15.298316112987663,77.72872349033942,0.7779617699472944,14.913294949494949
0,Log_426,14.683838357735462,71.55885367828567,0.08313653043304849,14.076340860215053
0,Log_427,16.150202743033585,71.61901476085971,1.670524740297882,15.691592156862745
0,Log_428,16.118365467473147,72.00199058524264,1.681491495214601,15.666618217054264
0,Log_429,15.732542108168513,74.6075059801902,1.2787386621431736,15.309375490196079
0,Log_430,14.881078046922534,79.67291635899511,0.5039099720753806,14.504959064327485
0,Log_431,15.639855712394544,74.46916524013086,1.1831573380000509,15.203909181636726
0,Log_432,15.23079191144681,74.65732040222055,0.7815004199295081,14.758549603174604
0,Log_433,14.943465361053592,75.51496098018245,0.5097612704831177,14.465260233918128
0,Log_434,16.263836950245118,74.14421809293641,0.8806849805991052,15.881807598039215
0,Log_435,15.304959569120605,84.69580488260267,0.685310131672643,15.102541407867495
0,Log_436,15.842262389440876,72.33491742355729,1.4136090341886862,15.370759259259259
0,Log_437,15.27751025312132,73.41555504832655,1.0488166840449968,14.77780847145488
0,Log_438,15.85838555258648,73.88348105169591,1.3328327629808683,15.428672690763053
1,Log_401,13.985503586555431,80.414074460372,0,13.55838123752495
1,Log_402,13.900735029204073,82.06635418975199,-0.1058516216974763,13.511791666666667
1,Log_403,16.64629837707201,76.58543799943433,0.9408391151925142,16.365853535353533
1,Log_404,14.759220687842799,74.6336215593025,1.1642227482659075,14.239443333333334
1,Log_405,14.519375421447714,80.47634385107315,0.5322085286967836,14.133313609467455
1,Log_406,15.71453893381823,72.96097622468788,1.7362885585218724,15.246558531746032
1,Log_407,15.342618289209328,74.40468367956781,1.3225050196973134,14.875301587301587
1,Log_408,15.257509086566959,75.3125046179609,1.3011177233539328,14.805349112426036
1,Log_409,15.85473285852158,83.70110462695497,1.4207698835887332,15.681222627737226
1,Log_410,14.645800748963659,77.4494158125853,0.6769219628949926,14.188290674603175
1,Log_411,15.382339301827288,73.79497838234192,1.6442429857611394,14.903064245810056
1,Log_412,17.195566952974104,68.5022072459607,2.8166304264896618,16.760838815789473
1,Log_413,15.645416748115835,73.81198936262584,1.6808646002417993,15.192949704142013
1,Log_414,16.51925668352738,73.1643340236946,2.135905538177225,16.137185430463575
1,Log_416,15.987337066521272,75.38370892392261,1.9088265984845845,15.61017581300813
1,Log_417,14.112244107014442,76.75968846434178,1.0948457107268217,13.58336170212766
1,Log_418,15.673655616591644,76.51354938322065,1.6890408166652886,15.294382936507937
1,Log_420,15.640208436649628,74.53906170525927,1.4649589118046127,15.206201041666667
1,Log_421,15.11828909646576,77.89039184235233,1.1511774269421025,14.719145956607495
1,Log_422,15.66736100514568,75.47120851150663,1.6617429671061477,15.260208333333333
1,Log_423,15.245918741469783,75.80799124664998,1.2547808154874782,14.805382936507936
1,Log_424,14.183146675228674,81.48543107796513,0.2169149151152185,13.784678571428572
1,Log_425,14.843541332100207,78.87079221616203,0.7950236514839399,14.44292174796748
1,Log_426,14.39318769714632,72.28244664161402,0.2616627478724066,13.77526008492569
1,Log_427,15.693214980544747,72.81373536768793,1.6949442930102117,15.219110119047619
1,Log_428,15.646305147526318,73.12784479779552,1.6892361610798392,15.17577156862745
1,Log_429,15.253576803517822,75.72398769406534,1.2866422491859186,14.811592702169625
1,Log_430,14.493924740110433,80.789539753492,0.5373594400490493,14.111067647058823
1,Log_431,15.19981980578656,75.21323226653394,1.3069020536653166,14.73942261904762
1,Log_432,14.808213364768175,75.641859767077,0.8066448016813809,14.319700617283951
1,Log_433,14.593542837584666,76.01118147215652,0.621981412927559,14.09323611111111
1,Log_434,15.917844306354091,74.58113648018396,1.0110748220269845,15.512717661691543
1,Log_435,14.9078487834129,85.44598426209433,0.7547530493651751,14.68529140461216
1,Log_436,15.403324314860136,73.17069097034589,1.4456597981270998,14.909665680473372
1,Log_437,14.817287029731935,74.33973594219985,1.0795297327828512,14.295680633147114
1,Log_438,15.420408073387211,74.80869986000158,1.3695704288892911,14.971329268292683
2,Log_401,13.60242954578758,81.22640209151302,0,13.163343537414965
2,Log_402,13.497645814952406,82.9086165765152,-0.10478373083517298,13.095493433484505
2,Log_403,16.067513130986736,77.53953582653783,0.9565637899874435,15.754593137254902
2,Log_404,14.222357348787883,75.64974361398846,1.0908342712034391,13.681442949907236
2,Log_405,14.05795528620407,81.6534688852207,0.47433238799255045,13.667979430825584
2,Log_406,15.218230391135311,74.40849799707932,1.6327545250139093,14.740962994270687
2,Log_407,14.896874606705232,75.72067665555878,1.2437465307662903,14.426371428571429
2,Log_408,14.761940708026167,76.72130498407236,1.2090242377278884,14.299910238559361
2,Log_409,15.424726310393496,85.43819498332799,1.3521389859106796,15.25334173328699
2,Log_410,14.32258609757252,78.35768647075345,0.7375305540360474,13.85639461820231
2,Log_411,14.920453273375376,75.11460568796343,1.5686668572054243,14.429207936507936
2,Log_412,16.724572612173088,69.7273875142919,2.74006391600125,16.27310929557008
2,Log_413,15.261149473742785,74.79768132064414,1.6956025544947493,14.79539835700362
2,Log_414,15.968111160378601,74.48875292304626,2.0422038417793495,15.565378968253968
2,Log_416,15.544950603100231,76.79431455714696,1.8754659100056132,15.160138602027157
2,Log_417,13.778249346486394,77.3897705794879,1.1703876888519171,13.232096166835529
2,Log_418,15.287460224474774,77.89004346489574,1.684762468601734,14.904984690523152
2,Log_420,15.179537049467598,75.7649729217862,1.4080351079882578,14.731105109126984
2,Log_421,14.654121069070092,79.08884865438515,1.0868118854285598,14.240084563260002
2,Log_422,15.330470892670482,76.29820252538143,1.728041346882901,14.91103410808768
2,Log_423,14.78850228764363,77.12532941509485,1.1803937457984137,14.336779468394854
2,Log_424,13.795923975158795,82.38931949190854,0.21272821857194715,13.396827697943083
2,Log_425,14.469621905127532,79.91049468464453,0.8059901471105828,14.058746612466125
2,Log_426,14.03106647525286,73.08170517546196,0.35266110909850895,13.397893309222423
2,Log_427,15.228960213884076,74.07610946996894,1.6146133128497238,14.741474603174604
2,Log_428,15.16801133057175,74.56678354564531,1.5815916493029878,14.687484173669468
2,Log_429,14.783544988970581,77.07504957661475,1.1998024535504508,14.329889962651727
2,Log_430,13.943541828163285,82.0526459059118,0.45865627841861883,13.539788152610441
2,Log_431,14.847398321538048,76.42676341596434,1.2444695654762317,14.384581836327346
2,Log_432,14.40651124725911,76.5059878163084,0.8067167776847546,13.899884251290878
2,Log_433,14.240277628145275,76.7927328934833,0.6389918731230615,13.724860874905518
2,Log_434,15.582026586529002,75.43995709837887,1.051718800837858,15.165340016708438
2,Log_435,14.526296799835867,86.51988270334324,0.7547948583565287,14.29338621031746
2,Log_436,14.982222074350101,74.32977935967246,1.4134254879848835,14.476667226890756
2,Log_437,14.41535115747941,75.43852413064953,1.0658876256052383,13.882053042328042
2,Log_438,14.976379180236036,75.98418164898874,1.3287888429413532,14.513510327022376
3,Log_401,13.25654868764705,81.88035207303061,0,12.797941919191919
3,Log_402,13.136489012733577,83.56488906974573,-0.12005967491347436,12.71626866883117
3,Log_403,15.697328949970526,78.25636940801448,1.0130390619573224,15.36592039800995
3,Log_404,13.88646318256537,76.39062586745904,1.0609914376079401,13.331046635182998
3,Log_405,13.648529095568396,82.39420710681465,0.43567110893015,13.234557397504457
3,Log_406,14.79699634758881,75.32996206626856,1.5675399826314067,14.303402097902097
3,Log_407,14.47799450157107,76.5661004052833,1.1717370596191867,13.989107064622125
3,Log_408,14.359963209749182,77.8022606289613,1.152413593861866,13.891377281587808
3,Log_409,15.080212131793195,86.24275612868185,1.3568251678866403,14.895752046007521
3,Log_410,14.037947980471172,78.73890841146103,0.8056450240946124,13.553420944741532
3,Log_411,14.557245803704756,75.9675845167424,1.5469186986982821,14.05281590909091
3,Log_412,16.322136737020006,70.59726804883019,2.736313534931519,15.85408658008658
3,Log_413,14.920072939774144,75.58917920104189,1.7025391436297823,14.441405901116427
3,Log_414,15.60079217841462,75.45118940370403,2.0106427428904876,15.18719646799117
3,Log_416,15.16939236725229,77.69244217072408,1.8374095629654577,14.770573461891644
3,Log_417,13.571753962508803,77.62931321381406,1.2572142805949171,13.011255023923445
3,Log_418,14.932546861313035,78.78540283477811,1.697677618290173,14.538423351158645
3,Log_420,14.822675000462395,76.4557534785079,1.3996953650431991,14.36424071969697
3,Log_421,14.292431904383935,79.90210384947427,1.0728663090044415,13.869717969165338
3,Log_422,14.964482675808208,77.18743037589599,1.7079339881611568,14.532113997113997
3,Log_423,14.393817991556402,77.89553015037208,1.1563728476494557,13.922473975044563
3,Log_424,13.432214372393846,82.96977360480248,0.21373205523611802,13.017874242424242
3,Log_425,14.187360491754108,80.454051706468,0.8444800254254624,13.762364287042201
3,Log_426,13.849771035197477,73.14663562409399,0.5104214245267382,13.202117708333333
3,Log_427,14.878218658035374,74.9271722310043,1.611768390415251,14.378101846871077
3,Log_428,14.743940795909076,75.34284912190458,1.5323759067750828,14.243855796335447
3,Log_429,14.406348946276385,77.74215661464741,1.187796606871338,13.940373825979089
3,Log_430,13.616496128912154,82.76998594198724,0.43067677320058373,13.20870955165692
3,Log_431,14.476003908958115,76.91546750166924,1.2793288101089109,13.998878698224852
3,Log_432,14.042063660984756,77.23340733527199,0.7817615209643759,13.524128970427164
3,Log_433,13.879926321499976,77.32318854874326,0.6505400046470659,13.344007843137256
3,Log_434,15.277140419440904,75.97977837978794,1.1103590173972413,14.844144278606965
3,Log_435,14.170812709811551,87.37678473479357,0.7478330743923558,13.925155303030303
3,Log_436,14.62850676666902,75.15663804172078,1.4039551018693845,14.109363547237077
3,Log_437,14.064750696096542,76.18643116203103,1.0504633145755256,13.516170622895624
3,Log_438,14.658461138150686,76.79772737256248,1.3392882533275072,14.185199632690543
4,Log_401,13.021135024436255,81.95357781175694,0,12.54570019723866
4,Log_402,12.905938645037981,83.6072895462608,-0.1151963793982738,12.467087771203156
4,Log_403,15.629557440680552,78.85893352152793,0.973919689065639,15.307140625
4,Log_404,13.564419549818698,76.77789657060175,0.9926908861253104,13.00464254385965
4,Log_405,13.324881716553705,82.80812575635149,0.3490093448718025,12.896010721247563
4,Log_406,14.45193876581283,75.82555160397455,1.4730400245348219,13.941005847953216
4,Log_407,14.160568958976835,76.99646110997658,1.0888004173881947,13.658330339321358
4,Log_408,14.003475900208363,78.44426535054646,1.0330288225467548,13.526808139534884
4,Log_409,14.7437571618809,86.85310975364789,1.2312850509664326,14.544124396135265
4,Log_410,13.79359573943123,79.07151030556564,0.8011544789367562,13.293114035087719
4,Log_411,14.242413097692445,76.56733833761808,1.461296897979293,13.722930018416207
4,Log_412,15.988781829622356,71.17928222709527,2.6392509349707787,15.50184193548387
4,Log_413,14.623818904390399,76.21991414730161,1.6444698686234331,14.131907945736435
4,Log_414,15.28640771466505,75.97234352807786,1.8999466271077368,14.854282560706402
4,Log_416,14.841205288078383,78.39092641260089,1.7645628485254996,14.427767068273093
4,Log_417,13.287026083557869,78.01702552138337,1.1973178253484478,12.708528070175438
4,Log_418,14.646646339150948,79.56521049344792,1.6487221171095319,14.24422709551657
4,Log_420,14.507458166847648,76.89054738782019,1.2845378923579969,14.036448637316562
4,Log_421,13.950731471969236,80.36314354037697,0.9689896495977803,13.51877034883721
4,Log_422,14.699427214841762,77.52157364607406,1.6782921904055064,14.248931952662723
4,Log_423,14.1212812640776,78.0971875510772,1.1174004164479012,13.633827485380117
4,Log_424,13.185164698535417,83.08765010467897,0.20688175115785726,12.750083820662768
4,Log_425,13.944265252351926,80.73638775889435,0.807340611481119,13.502361963190184
4,Log_426,13.720254281166389,73.85556198684203,0.5272468909742885,13.080016025641026
4,Log_427,14.567482089349053,75.52666270979284,1.5033610829983552,14.051904901960784
4,Log_428,14.411058125931879,76.06578434921158,1.4234140436272589,13.902294573643411
4,Log_429,14.049978952308459,78.28679671729941,1.0708940327141991,13.56841957364341
4,Log_430,13.306478415876953,82.99210685691946,0.3581393106312997,12.87909011627907
4,Log_431,14.191923469761477,77.50108111388423,1.1851411995350638,13.706948103792415
4,Log_432,13.750105827486674,77.6403400760453,0.7411473830777446,13.217828402366864
4,Log_433,13.592381409724185,77.76079482300283,0.605688065325568,13.050307843137254
4,Log_434,14.938046173875058,76.30293468764633,1.087491416800183,14.47960294117647
4,Log_435,13.848865469607457,88.07691131491225,0.66097964026303,13.6000082815735
4,Log_436,14.272800562947852,75.9266989530318,1.2878408694693002,13.738117933723197
4,Log_437,13.751877379567889,76.80587225753857,0.9760449533192812,13.194731123388582
4,Log_438,14.330000861001034,77.48525769362642,1.2521206957805722,13.844425702811245
5,Log_401,12.749399834377915,82.46872367009874,0,12.259396449704141
5,Log_402,12.632359374343986,84.10059987970352,-0.11704046003392815,12.172920118343196
5,Log_403,15.331889146124313,79.3964229267221,0.9657813307117833,14.993562841530055
5,Log_404,13.180828556685215,77.55335448266584,0.8905991709264771,12.60780752688172
5,Log_405,13.02452079939323,83.58455106311999,0.28840552099703093,12.589174509803922
5,Log_406,14.100212733966092,76.61410803655205,1.3915636569826053,13.574997076023392
5,Log_407,13.802070917294122,77.83451777302952,1.0225906295510876,13.293516966067864
5,Log_408,13.648803445759205,79.23593338490646,0.9510270796474294,13.163262596899225
5,Log_409,14.40437223499336,87.6090595282456,1.164246478126786,14.201765700483092
5,Log_410,13.541035205656963,79.48597028863199,0.82373166152239,13.026082846003899
5,Log_411,13.90128522835351,77.21386421943429,1.4089947946269583,13.36965009208103
5,Log_412,15.630614356114396,71.75262110618064,2.6111013741478377,15.122854838709678
5,Log_413,14.355323809160499,76.61588613516773,1.6507664724075806,13.847014534883721
5,Log_414,15.019721168868571,76.50803805063933,1.8574867497389815,14.578085585585585
5,Log_416,14.569512466590249,79.00154179700415,1.752380360609069,14.15166767068273
5,Log_417,13.060550342056407,78.16093315611452,1.197311735124796,12.463045614035087
5,Log_418,14.37154104669454,80.13687074939199,1.6501178511143828,13.956781676413256
5,Log_420,14.203815460110535,77.57597202966211,1.2424886978757403,13.73001380042463
5,Log_421,13.621428435187305,81.14492758766102,0.9140743635039107,13.181891472868218
5,Log_422,14.448170076094966,77.96498046950536,1.6987702417170523,13.984357001972386
5,Log_423,13.77014551544634,78.8893237561406,1.0390705073654878,13.280615009746588
5,Log_424,12.87923844987969,83.71195101169843,0.1752167601244138,12.432377192982456
5,Log_425,13.658593310089069,81.40913236858245,0.792217758412238,13.208583844580778
5,Log_426,13.443768120088503,73.85723357111976,0.5408785065985551,12.7813
5,Log_427,14.232657685212397,76.29293082170435,1.4383190042538354,13.712497041420118
5,Log_428,14.041839883179767,76.9293921290653,1.3274478503363831,13.523212209302326
5,Log_429,13.728570629714254,79.09801318908947,0.9957722442630317,13.247239766081872
5,Log_430,12.987607212847442,83.78432595799069,0.28029525147715817,12.553423001949318
5,Log_431,13.896977122279436,78.09727637880567,1.1567399851472455,13.407043912175649
5,Log_432,13.45565651332568,78.33772551791206,0.7332501777554222,12.916104790419162
5,Log_433,13.29001726827517,78.2631889035679,0.5728387303470496,12.732344054580897
5,Log_434,14.751442118856477,76.81677776553289,1.1011247025121669,14.28792098765432
5,Log_435,13.527262232925652,88.8133437382171,0.6138522064213947,13.27284265010352
5,Log_436,13.92068257055327,76.67171047240355,1.2080496532184122,13.375980506822613
5,Log_437,13.40951073337304,77.42885695313302,0.9069403193168533,12.842190607734807
5,Log_438,13.989333392163298,78.1164007521656,1.1862614856892724,13.494815261044177
6,Log_401,12.510909974930962,82.78303610218369,0,12.009426035502958
6,Log_402,12.40324121037451,84.37320102677867,-0.1076687645564522,11.93507889546351
6,Log_403,14.955291795440722,80.188636114436,0.9155703934951545,14.600147540983606
6,Log_404,12.940070823082756,78.01159517242273,0.8737182421606775,12.356567328918322
6,Log_405,12.767685168978707,84.05347688781777,0.2688233729089759,12.319215686274509
6,Log_406,13.80682245592619,77.16526175097127,1.3361459066469894,13.282325536062379
6,Log_407,13.525924365808393,78.35984534766824,0.9755784749147072,13.004306224899599
6,Log_408,13.351492604401578,79.83954284591404,0.8920125491159172,12.85203488372093
6,Log_409,14.133342566147308,88.32489931441289,1.1303888525976629,13.92921497584541
6,Log_410,13.296524698273663,79.88453341227572,0.8157904617268669,12.775721247563354
6,Log_411,13.591181121358261,77.82377231263122,1.3371587355116414,13.04573020257827
6,Log_412,15.318629789056327,72.40542113669869,2.5555059370577795,14.796748387096773
6,Log_413,14.119598644594328,76.99221276787503,1.6528829484668919,13.597296296296296
6,Log_414,14.71757462057499,76.83032245546968,1.8797532232157428,14.258664459161148
6,Log_416,14.226433023490417,79.55271814194765,1.6912195888849586,13.794191468253969
6,Log_417,12.828744717902179,78.46378625858152,1.2097896664297503,12.216091228070175
6,Log_418,14.146840634476115,80.70381041712481,1.6355537617928237,13.72414705882353
6,Log_420,13.857317917298312,78.03014877072467,1.1818878174401775,13.363188405797102
6,Log_421,13.339320872981654,81.66751618905337,0.868111262647946,12.885276162790698
6,Log_422,14.17118060587346,78.29045416507343,1.6602706309424975,13.692092702169626
6,Log_423,13.506547101968192,79.364375887414,1.0130031997296114,13.009953216374269
6,Log_424,12.64901992759847,84.01094604299801,0.18169586271334592,12.187859649122807
6,Log_425,13.397183680710116,81.74181376098537,0.7818826574975236,12.941952965235174
6,Log_426,13.18996258964273,74.39340490748172,0.5409112835544663,12.523329113924051
6,Log_427,13.918099951352573,76.81815283739728,1.4196443460070018,13.382842105263158
6,Log_428,13.776235478832122,77.40202718931643,1.2953757216245774,13.252118908382066
6,Log_429,13.460373837113064,79.63908271267336,0.9629790396116081,12.966904483430799
6,Log_430,12.744358041100508,84.18388639603666,0.274085235766017,12.29656627680312
6,Log_431,13.587163718708409,78.5090576221842,1.1198724917982756,13.077380952380953
6,Log_432,13.209609686935734,78.71439989203637,0.7039829226113272,12.665861111111111
6,Log_433,13.049321609318175,78.74626995453708,0.5589533370633165,12.48763431372549
6,Log_434,14.48741524505344,77.26694614969708,1.0870658759363268,14.009271144278607
6,Log_435,13.220430116444028,89.5769211479776,0.5450000165858933,12.95891304347826
6,Log_436,13.631430000873006,77.30048776816876,1.1613823650550943,13.078635477582846
6,Log_437,13.12024748559842,78.0039703314594,0.8732043750354579,12.540696132596684
6,Log_438,13.743060227667689,78.7988209708283,1.1530633642444126,13.247262626262627
7,Log_401,12.66562893279093,82.4163010671233,0,12.173082840236686
7,Log_402,12.623657104496761,84.01629378372428,-0.04197182829416943,12.170262327416173
7,Log_403,14.775039184900528,80.75021650410454,0.6047857557476765,14.416590643274853
7,Log_404,12.948841055392101,77.76529944314676,0.7030759221111705,12.360224061810154
7,Log_405,12.840274393117284,83.88252105221427,0.18562472226398144,12.39641568627451
7,Log_406,13.783398932167664,77.04025128018706,1.1509135809533497,13.253609803921568
7,Log_407,13.496672420589507,78.13703494800427,0.8140081704295687,12.968765873015872
7,Log_408,13.29770100360598,79.8516872234672,0.6830764355105428,12.793585271317829
7,Log_409,13.973265705274573,88.64632471346026,0.9069498997304055,13.765537439613526
7,Log_410,13.191246333410223,80.14912351345374,0.5566782373391878,12.661497076023393
7,Log_411,13.471514490239777,78.0247366870303,1.055274189123688,12.924463167587477
7,Log_412,15.13226639134797,72.85545337753527,2.1574554549491602,14.603421505376344
7,Log_413,13.969864770264717,77.34715605889507,1.3283948144757254,13.442013645224172
7,Log_414,14.625721248121065,76.88032693792924,1.6810053788052188,14.150992324561404
7,Log_416,14.112698917416559,79.76913560534382,1.3958107316825055,13.681447105788424
7,Log_417,12.624412561119744,78.97513080595745,1.0522852393056343,12.004426315789473
7,Log_418,14.075009312491305,80.69650590838303,1.4101374530886652,13.645158823529412
7,Log_420,13.844547354870947,77.989928325783,0.9762162392141186,13.34903249475891
7,Log_421,13.232122695547618,81.71811843987739,0.60309086988313,12.769358527131782
7,Log_422,14.065216743571234,78.44133827791856,1.3995878107803035,13.589289940828403
7,Log_423,13.487694833025909,79.10132308435696,0.8241129865863565,12.983117647058824
7,Log_424,12.664162017900928,83.85398481128928,0.009449909250955048,12.202772549019608
7,Log_425,13.358923984639251,81.55631901063231,0.6150953208147323,12.901758130081301
7,Log_426,13.092774732411804,74.53092181232111,0.35905385040087723,12.438758438818565
7,Log_427,13.987256308981047,76.52459689621864,1.2858310348468278,13.465779092702169
7,Log_428,13.718906822675379,77.29684530811691,1.0901612189400274,13.190401162790698
7,Log_429,13.449550232849683,79.5334800892204,0.7820571509058576,12.9527
7,Log_430,12.762813364856607,83.88463750568263,0.18970675561021838,12.310028599605523
7,Log_431,13.577553560004429,78.46919543076051,0.9478530924071331,13.06600998003992
7,Log_432,13.164892766838292,78.7994511761392,0.5137459126243742,12.620826262626263
7,Log_433,12.96559004543299,78.82580274423037,0.33762042971101097,12.402207843137255
7,Log_434,14.449934346050524,77.57098232152441,0.8027981379261806,13.987240601503759
7,Log_435,13.119549460792607,89.8759249202416,0.2872781774978078,12.856052795031056
7,Log_436,13.542440121352353,77.4616833095599,0.9189562723684244,12.999051656920077
7,Log_437,13.055431769199284,78.1816896373959,0.648950475745905,12.483357274401474
7,Log_438,13.663384898038137,78.94784265944715,0.9147559365687082,13.172115151515152
8,Log_401,13.706296107188761,79.96124426639243,0,13.25101775147929
8,Log_402,13.7048982664156,81.39518996955569,-0.001397840773159974,13.290015779092702
8,Log_403,14.903729164638708,80.48280531855839,-0.4081812473636534,14.551258620689655
8,Log_404,13.574323190433931,75.85270501299024,0.397098823724781,12.998378289473685
8,Log_405,13.567127429288645,81.8868167660747,-0.1260137129549248,13.145276470588236
8,Log_406,14.412646603172181,75.38379497929738,0.7033887438056183,13.903041666666667
8,Log_407,14.083968331171638,76.46389549659034,0.3681400074650422,13.571809523809524
8,Log_408,13.851764923018532,78.35676418609404,0.18345738436588294,13.364303118908381
8,Log_409,14.250906050497042,87.49924386755022,0.25553260205120587,14.041099033816424
8,Log_410,13.37341732527298,80.15380963173398,-0.3171916131359412,12.864548039215686
8,Log_411,13.716196032626206,77.33422800941001,0.25974767837894414,13.183345303867403
8,Log_412,15.316120558240844,72.36385511708308,1.0553739262996453,14.79285294117647
8,Log_413,14.151507772805955,76.71069608356233,0.46252281141007656,13.625229044834308
8,Log_414,14.75279927421576,76.10689360389341,0.8657703487284895,14.278769063180828
8,Log_416,14.569212456754615,78.3540247815095,0.8189317785258419,14.152441767068273
8,Log_417,12.560108700453354,79.11962838927639,0.4156549533595948,11.949847368421052
8,Log_418,14.598308941338036,79.00948864324856,0.8961981710542372,14.176762745098038
8,Log_420,14.392418014546934,76.34309990208794,0.5834234569314104,13.908748958333334
8,Log_421,13.965187588730464,79.91977569237812,0.2618007240962676,13.529254901960785
8,Log_422,14.375789944063797,77.41450184936636,0.6694938368750365,13.901339250493097
8,Log_423,14.00096894789044,77.70824862332206,0.29764370003291046,13.511188235294117
8,Log_424,13.48477658248773,81.83447738597995,-0.2051412971884124,13.053594117647059
8,Log_425,14.171071327081558,79.58008609184382,0.3600449145992349,13.738347826086956
8,Log_426,13.604961757276307,73.46150747780044,-0.14627317705390797,12.9701142557652
8,Log_427,14.678704604409857,74.50716682046792,0.9472344178798743,14.172972222222223
8,Log_428,14.399016023608949,75.24519958012407,0.7341001521663573,13.885116959064328
8,Log_429,14.277427306468478,77.11937117869961,0.5728674350652622,13.800580392156863
8,Log_430,13.620178141687706,81.8895027983745,-0.040947412203816834,13.20043507751938
8,Log_431,14.519356130557172,75.89585412426135,0.8007784340436773,14.035541164658634
8,Log_432,13.71755986104871,77.22706904173657,0.08695217050167317,13.190953703703704
8,Log_433,13.71310069308871,77.15747553694554,0.04264631706552029,13.180757843137254
8,Log_434,14.549016746776532,76.78879492782846,0.09470864431070325,14.080075
8,Log_435,13.61765341674932,88.73745774743665,-0.2073554567036312,13.377801242236025
8,Log_436,14.003676182436628,76.46579510286529,0.339284765702534,13.480301169590643
8,Log_437,13.749058781096405,76.63533161184588,0.2819619701233165,13.203436464088398
8,Log_438,14.197602522516691,77.462495944414,0.41891228605579706,13.719571717171718
9,Log_401,15.193055933645224,75.95909212732285,0,14.760034516765286
9,Log_402,15.278771909073685,77.1305399541838,0.08571597542846007,14.893170611439842
9,Log_403,15.998471420788945,78.65475124448032,-1.256890987673655,15.707608187134502
9,Log_404,14.693527690105327,72.85372704956103,0.02700295855480103,14.133719298245614
9,Log_405,14.749097434803748,78.41809400241615,-0.39843070590733315,14.345563352826511
9,Log_406,15.30051718152322,72.9175717870015,0.1147477297608838,14.801798816568047
9,Log_407,15.106326312344825,73.95416490866188,-0.1368227162100755,14.61759939759036
9,Log_408,15.017792195936426,74.9499430212246,-0.08818431784873655,14.544432562620424
9,Log_409,15.13021243949374,84.80945471479819,-0.4337835487324337,14.924103864734299
9,Log_410,13.857985928788239,79.30188890235273,-1.3283629778206956,13.371476470588235
9,Log_411,14.49651603230023,75.29348909057212,-0.45316665334888123,13.975465009208103
9,Log_412,15.890242101610319,70.93255737925479,0.075537315866911,15.38718064516129
9,Log_413,14.893121594326857,74.44764854159592,-0.2808058810136384,14.38187134502924
9,Log_414,15.530088716488711,74.10902629705032,0.10670042557947478,15.073607456140351
9,Log_416,15.502401941597673,75.2084473809785,0.28337524202248854,15.077334319526628
9,Log_417,12.875627728052105,78.54445930191314,-0.7585570319328496,12.269526315789474
9,Log_418,15.647242094436786,75.46255359140007,0.5190152769294276,15.237912790697674
9,Log_420,15.336928621156634,73.9246736794588,0.025969504208946885,14.868673958333334
9,Log_421,15.40423984195675,75.5038254013034,0.262923631605076,14.986571705426357
9,Log_422,14.957558211889426,75.98149986554304,-0.23549772175579883,14.494278106508876
9,Log_423,14.905813875446954,75.50108257794403,-0.3068626391326093,14.433330374753451
9,Log_424,14.81651780248793,78.11876265301161,-0.3002026334904832,14.40798934108527
9,Log_425,15.29575636366343,76.69278200192164,0.022235915023375515,14.88625
9,Log_426,14.72127218327404,70.52912844454366,-0.5624224752916609,14.092295267489712
9,Log_427,15.848656950251225,71.1235060191123,0.6497347010965688,15.351037475345167
9,Log_428,15.566400964170258,71.84599023628404,0.45663729079226384,15.064416184971098
9,Log_429,15.459788275865863,73.78017917750303,0.2757517438398471,14.995990253411307
9,Log_430,14.8872544186097,78.0637757215279,-0.19281186615858062,14.483216374269006
9,Log_431,15.745661229612189,72.35351022986453,0.5071645826265643,15.276750499001995
9,Log_432,15.151822654499147,73.29614524386832,0.007888459061708358,14.643534552845528
9,Log_433,15.190389575024343,73.51217382911175,0.03040804039096216,14.696891812865497
9,Log_434,15.572314730042471,74.58605929401593,-0.5609048451478441,15.132632142857142
9,Log_435,14.8681465706454,85.29403712649555,-0.4487017668399339,14.649640786749483
9,Log_436,14.934172180319056,74.12597657000845,-0.18129979027121473,14.427124031007752
9,Log_437,15.075421930923842,73.21920649292457,0.1268132315282695,14.561267955801105
9,Log_438,15.221284332989624,74.36211851874187,0.005600138101854946,14.747679640718562
10,Log_401,16.825026872582203,71.19369657931554,0,16.42820512820513
10,Log_402,16.873903634009803,72.56646680959585,0.04887676142760021,16.517758382643
10,Log_403,16.491653785334826,75.97663383886682,-1.9225172648168414,16.18
10,Log_404,15.955569601552137,69.34684053753251,-0.255372743995999,15.4174375
10,Log_405,16.23209630405966,73.8927148357997,-0.5447078431523038,15.840511695906432
10,Log_406,16.472995989098862,69.10981151819375,-0.2745366652175114,15.981568007662835
10,Log_407,16.198619593922626,70.45855855634781,-0.599999436543104,15.71451559454191
10,Log_408,16.59112293170794,70.24046550013061,-0.1488157930575666,16.142690751445087
10,Log_409,16.31222858746649,80.15931745333877,-0.9206777289006437,16.092081534772184
10,Log_410,14.838302814545923,76.64725755518643,-1.9540757991160305,14.379229044834307
10,Log_411,16.107012344605543,70.68773857317348,-0.5056802768664754,15.620974860335195
10,Log_412,16.864137729900545,67.8017490038566,-0.6468868483059377,16.37626559139785
10,Log_413,15.809865120300827,71.08407318150014,-0.9609857734450584,15.302506782945736
10,Log_414,16.88845161417697,70.1048966569357,-0.27747498156201555,16.464583333333334
10,Log_416,16.62604640861965,71.45347701337344,-0.2241833321858056,16.21098611111111
10,Log_417,13.791837970162057,76.7165657001833,-1.801068891862039,13.229666666666667
10,Log_418,16.579669171985145,72.7508668218592,-0.18754609496198,16.199102713178295
10,Log_420,16.554550446962182,70.44465644153252,-0.40513478007934733,16.106003125
10,Log_421,16.69706945457277,71.57143813472061,-0.08995900680320641,16.295062984496123
10,Log_422,15.846111315768605,73.40015584818568,-0.9789155568135974,15.402817554240631
10,Log_423,16.057122933861116,72.02407839995692,-0.791125713147343,15.599053921568627
10,Log_424,16.381416095234144,73.65437943595457,-0.3885699768360828,16.001878167641326
10,Log_425,16.438386784376448,73.91910729105086,-0.49655856788618735,16.068451942740285
10,Log_426,15.569819906284984,68.90442680909716,-1.3647551050042213,14.980630573248408
10,Log_427,17.073335439901577,67.27841702495232,0.3169818078550049,16.598913294797686
10,Log_428,16.8676649127663,67.8519654196852,0.10402069928706426,16.38376453488372
10,Log_429,16.765452901668617,69.67529692252734,-0.018915882610268272,16.318426356589146
10,Log_430,16.383262422011303,73.37502611954893,-0.3794950344980296,15.996917153996101
10,Log_431,17.007533082407196,68.63808756317053,0.09745392888024168,16.55956845238095
10,Log_432,16.57881495440314,69.74208910207832,-0.21295761861954532,16.11466666666667
10,Log_433,16.76945922202803,69.21377919078084,0.011659909207314727,16.314964354527937
10,Log_434,16.764914641873133,71.35281150222875,-1.0721995300370857,16.35989448441247
10,Log_435,16.416041102055214,80.6621651762267,-0.5459105821316856,16.225481366459626
10,Log_436,16.66293291043204,68.94305301422278,-0.07906280110798011,16.187429672447013
10,Log_437,16.47843630433234,69.16515045943567,-0.09369193690108563,15.991385819521179
10,Log_438,16.772967378739125,69.54275899258171,-0.08033266209050186,16.32328243512974
11,Log_401,18.027852530431893,67.52195324057834,0,17.66826331360947
11,Log_402,18.226355664024027,68.53664697139264,0.19850313359213473,17.925559171597634
11,Log_403,17.41837678975611,72.55410952480862,-2.2194738498512248,17.110295833333332
11,Log_404,17.28711838150593,65.57065451987079,-0.2217823143092084,16.79234899328859
11,Log_405,17.5800152353645,69.52281186808871,-0.3747909220557424,17.223929263565893
11,Log_406,17.90960962779224,64.7631921045799,-0.06720967160056915,17.46100096899225
11,Log_407,17.57578876723072,66.17138727870721,-0.4110854674770903,17.12793023255814
11,Log_408,18.054361142462263,65.63406731567204,0.15832469182117953,17.64456704980843
11,Log_409,17.736246434301403,75.04579234300817,-0.7019222469299571,17.53669304556355
11,Log_410,16.37960510445153,72.07004115231783,-1.6073401839419412,15.955054913294799
11,Log_411,17.678703133480894,65.91519816144242,-0.10512668524535357,17.245295580110497
11,Log_412,17.993503911591574,64.20373422989869,-0.6920410601911897,17.527043803418803
11,Log_413,16.95317339601361,67.05302624699625,-1.0288179193887241,16.45553585271318
11,Log_414,18.116249486346522,66.25688128347113,-0.22229872647400126,17.725668859649122
11,Log_416,17.902376193441814,66.7271076967571,-0.09713903935979933,17.50253488372093
11,Log_417,14.683441599726791,74.21307160996695,-2.279251908286012,14.145132653061225
11,Log_418,17.263760066962266,70.68433024131137,-0.7035992556486593,16.90030523255814
11,Log_420,18.10436090129956,65.84848387312124,-0.056879673075455967,17.705919791666666
11,Log_421,17.860319808103014,67.82376173480884,-0.13466384028649636,17.48868410852713
11,Log_422,16.667047164071654,71.14450165825238,-1.3608053663602373,16.247013806706114
11,Log_423,17.412907645290503,67.64000342212567,-0.6054869959224504,16.979884015594543
11,Log_424,17.658144347685685,69.84084622070105,-0.29376066269300044,17.315675387596897
11,Log_425,17.51334813364844,70.82242921756323,-0.600768287071817,17.179304703476483
11,Log_426,16.17087237383243,67.95954771740745,-1.8532644872517436,15.624081740976646
11,Log_427,18.354635545103275,63.631265215334395,0.3604962690465841,17.92734307992203
11,Log_428,18.115881921193658,63.95716125710683,0.13744458008019472,17.66769573643411
11,Log_429,18.2126616761385,65.47494119657938,0.22153880163106016,17.81933527131783
11,Log_430,17.63880861542818,69.43453745755248,-0.32864499124129093,17.285813840155946
11,Log_431,18.31690913587489,64.52924287992262,0.1974484244260154,17.91426746506986
11,Log_432,17.904676231438305,66.11970507344094,-0.19465103778617313,17.49292871485944
11,Log_433,18.36949968359969,64.63724405608738,0.3244556772906839,17.978503921568628
11,Log_434,18.048211429801015,67.25010177190431,-0.8752025823539773,17.667174940898345
11,Log_435,17.737358232076456,76.08485015277188,-0.41042594785616243,17.57304658385093
11,Log_436,18.135395447548728,64.57337116188926,0.17550064715407937,17.709378612716762
11,Log_437,17.497597792977786,66.22404494470432,-0.2860849157044378,17.04428729281768
11,Log_438,18.21028946151338,65.2693930061598,0.15615138953431493,17.80964770459082
12,Log_401,18.986424342413656,64.615562430392,0,18.67582051282051
12,Log_402,19.338206589399434,65.0023461874792,0.3517822469857791,19.0823708086785
12,Log_403,18.73191089802021,68.0165051753516,-1.9827385696669042,18.451594736842104
12,Log_404,18.104721973685123,62.76661400322421,-0.21154211490043526,17.63117316017316
12,Log_405,18.58906142020921,66.1580060692098,-0.28444255813439073,18.267173410404624
12,Log_406,19.06979153603687,61.21252401030481,0.22414801145274338,18.661827586206897
12,Log_407,18.778932332743672,62.47090664908922,-0.11215820818879535,18.376261627906977
12,Log_408,19.228847943846798,62.04740814613783,0.38428494176817146,18.866257142857144
12,Log_409,19.013745204275196,70.41136348018249,-0.3119653889370608,18.861406619385342
12,Log_410,17.992639102228537,66.89869835986096,-0.9192298379576651,17.616180154142583
12,Log_411,18.911649279671597,62.40041226055384,0.20089392060402825,18.525927255985266
12,Log_412,19.462054611202376,59.86713818332009,-0.0012613950578190905,19.056600210970466
12,Log_413,17.942816340424685,63.75983830552362,-0.929386750594297,17.46566570881226
12,Log_414,19.15067892866016,63.04051523000367,-0.09938886883696925,18.8026452991453
12,Log_416,19.05843373681026,62.949656612863826,0.1730723530432075,18.70634011627907
12,Log_417,16.279887857748925,70.7543612480955,-2.2729638742656597,15.812557575757575
12,Log_418,17.70685654887672,69.01400342343065,-1.1802686212360138,17.349844894026976
12,Log_420,19.50862202290125,61.79135234671041,0.43304347152285017,19.18198125
12,Log_421,18.848266274024557,64.39838470683532,-0.028426756469170988,18.507557471264366
12,Log_422,17.6813131080566,68.08684629424721,-1.3051112343570572,17.289605522682447
12,Log_423,18.89011881867108,62.867570654094635,0.021108181166976065,18.509418582375478
12,Log_424,18.63386777180571,66.81617855335703,-0.20503161356331429,18.360739463601533
12,Log_425,18.692917567112783,67.03954801466551,-0.3709656035434632,18.411323108384458
12,Log_426,16.7842390298589,66.82500157148732,-2.2488138823730277,16.27395283018868
12,Log_427,19.43376211184863,60.25581350568762,0.5868567716574653,19.042255238095237
12,Log_428,19.180913536009392,60.765318472156814,0.3078545476625479,18.776808429118773
12,Log_429,19.4279171625118,62.09410468273658,0.5620316672859059,19.107710727969348
12,Log_430,18.644873030760376,66.47986940016551,-0.21968196595542694,18.344212643678162
12,Log_431,19.412085950428644,61.705178918051075,0.38767024037382375,19.073549309664696
12,Log_432,18.932385970993415,63.12799242449218,-0.09062343969257934,18.56586111111111
12,Log_433,19.467044445061862,61.49318507532415,0.563452231843883,19.122955684007707
12,Log_434,19.231037057959572,63.70214222418461,-0.6539315529257289,18.89922222222222
12,Log_435,18.832414751272413,72.08558194608132,-0.2736643380072381,18.704328157349895
12,Log_436,18.97963405690204,62.098660638618,0.12394657117062088,18.58978227360308
12,Log_437,18.391289971857923,63.71865229958097,-0.3488459386548197,17.97896685082873
12,Log_438,19.282480523553996,62.22227361545569,0.32107804604371326,18.934023809523808
13,Log_401,19.792036874765717,62.48766972464087,0,19.521777120315583
13,Log_402,20.255958580333107,62.56346541717248,0.4639217055673911,20.058633136094674
13,Log_403,19.615793049130197,65.61918805305926,-1.8418794998711374,19.38956397306397
13,Log_404,19.012032945141208,60.479334866408564,-0.08584900877831672,18.582698717948716
13,Log_405,19.43708659700732,63.93462104483727,-0.2577138569224418,19.168152215799616
13,Log_406,20.269081825843404,58.09498325844211,0.5271867555928553,19.914538535645473
13,Log_407,19.68182737959522,60.129818297096094,-0.0016069657434958256,19.322411368015416
13,Log_408,20.242643879860633,59.441435692305454,0.6031796174981553,19.928328571428573
13,Log_409,20.187104737673785,66.73998148716304,0.011396976448943597,20.09976595744681
13,Log_410,19.30125865737562,63.275419535406634,-0.394488152362688,19.000780651340996
13,Log_411,19.9500568068375,59.85788581614902,0.43803031308533374,19.619639042357274
13,Log_412,20.815716047420892,56.685690512047096,0.5729184370201412,20.476059447983015
13,Log_413,18.943376787929118,61.045243328781936,-0.7106227164449869,18.521098659003833
13,Log_414,20.130843868790365,60.70415058693213,0.04256265631978634,19.84465359477124
13,Log_416,19.99383498029337,60.52809236647584,0.2802680669027396,19.688374759152214
13,Log_417,17.683364427394334,67.03197362841064,-2.103211469828545,17.26710398860399
13,Log_418,18.104262862083875,67.54821087968261,-1.5479024563263166,17.754681904761906
13,Log_420,20.537559526080212,59.3506896760001,0.6354161500851961,20.26108125
13,Log_421,19.847153417772436,61.62335453957363,0.15838973829272593,19.551508620689656
13,Log_422,18.645427379771622,65.35184854822374,-1.1551318468277112,18.299103921568626
13,Log_423,19.88589978681217,60.290506199050725,0.22502606749574022,19.55141570881226
13,Log_424,19.57338025628726,64.41635004927026,-0.10896442706661556,19.362496168582375
13,Log_425,19.574301803416017,64.36861905081177,-0.23137698030121928,19.33590909090909
13,Log_426,17.474757928886323,64.77337513136422,-2.4355939703041405,16.987908902691512
13,Log_427,20.42027161058976,57.74939309056956,0.7857895543116594,20.074753333333334
13,Log_428,20.140655296064487,58.31000537281269,0.45985932957515957,19.775754789272032
13,Log_429,20.477277869419606,59.59740386158489,0.7978360555037141,20.2175
13,Log_430,19.385990968492486,64.35026755778172,-0.14957005101354534,19.140714147286822
13,Log_431,20.196473578297965,59.68381255923345,0.4177482506399794,19.8947225433526
13,Log_432,19.793775482101353,61.28930977582264,-0.025210129447369202,19.489787601626016
13,Log_433,20.547765423324083,58.77474556770775,0.7607603297909729,20.272252436647175
13,Log_434,20.329568729889168,60.81133482117689,-0.2766223523879905,20.065863636363638
13,Log_435,19.884069028276738,68.97142921906821,-0.024690037296145478,19.827396480331263
13,Log_436,19.88074712643678,59.92028016090376,0.19639873539727404,19.538268199233716
13,Log_437,19.234848816955104,61.7038235090383,-0.2897180376536682,18.869051565377532
13,Log_438,20.23120905627464,59.933744168201976,0.4826195887308269,19.936970414201184
14,Log_401,20.442190051870142,61.02513950192085,0,20.22157396449704
14,Log_402,20.914655756315526,60.95092764770741,0.4724657044453863,20.76442110453649
14,Log_403,20.384415049424373,63.42734666004939,-1.7050526115148075,20.23612211221122
14,Log_404,19.728324422579618,58.77466625718405,0.04737666962477528,19.342754219409283
14,Log_405,20.06823720588016,62.11453134632806,-0.24841800510409745,19.83620114942529
14,Log_406,20.988374151216906,56.16377726187751,0.684266759605246,20.66117142857143
14,Log_407,20.473930978357622,58.06743161596675,0.1714424846984665,20.154777142857142
14,Log_408,21.042829022659646,57.381953300126796,0.7411189558133937,20.776499047619048
14,Log_409,21.079835041376665,63.74691716715184,0.25487833900163326,21.038215962441313
14,Log_410,20.391753336588003,60.32400478615833,0.05456001034222602,20.144191714836225
14,Log_411,20.81766238107342,57.8390135955637,0.6514035440959398,20.53864917127072
14,Log_412,21.42590177660695,55.32699164657643,0.5635554047192475,21.12488322717622
14,Log_413,19.74024409173303,59.044922765086774,-0.5837957689772048,19.350055555555556
14,Log_414,20.93365868345427,58.71705055153333,0.15708677832522888,20.692998903508773
14,Log_416,20.828724094392484,58.3404296972907,0.46844709908785465,20.54969556840077
14,Log_417,18.838916914625774,64.02622924137229,-1.8436868848706798,18.491096
14,Log_418,18.746560870781515,65.28161796495512,-1.5466218045403564,18.417173333333334
14,Log_420,21.25717894325801,57.728843800732626,0.655798396128715,21.031167721518987
14,Log_421,20.600033448536024,59.4995972217472,0.2944371328297858,20.341719348659005
14,Log_422,19.55393319989169,62.37067455348661,-0.8896047762845305,19.251835294117647
14,Log_423,20.656627538383603,58.276015499599964,0.3446167972160763,20.36229022988506
14,Log_424,20.24577757432415,62.672994256068186,-0.04875009198300913,20.089877142857144
14,Log_425,20.319430630405684,62.413708304530005,-0.1427733118165709,20.126908080808082
14,Log_426,18.15332797383737,63.02123107653655,-2.313785691805905,17.708949588477367
14,Log_427,21.238705766010206,55.79833656929832,0.9223180679535107,20.936320881226052
14,Log_428,20.964977747259734,56.18817825444056,0.660867674032982,20.635291428571428
14,Log_429,21.10718623636225,58.05320639280355,0.8140463209128806,20.897890476190476
14,Log_430,20.211517175566875,62.38814918858081,-0.04918981641067974,20.041978682170544
14,Log_431,20.901118470040565,58.125510556226835,0.4273722045214449,20.636268410852715
14,Log_432,20.332416465826423,59.58795172282626,0.010538841808248647,20.055155419222903
14,Log_433,21.200252519273285,57.332612768410435,0.8756808278867103,20.96332950191571
14,Log_434,21.098951842950758,58.78421928380085,-0.08246540685063228,20.884113425925925
14,Log_435,20.768414211678017,66.27011872814315,0.1949201831524919,20.76060248447205
14,Log_436,20.587196409043514,58.03669122642572,0.28413167813576296,20.287978095238095
14,Log_437,19.93264188607131,60.19568978998612,-0.2456007291826084,19.61820073664825
14,Log_438,20.939450854729625,58.03625401484314,0.5722843757634329,20.68069607843137
15,Log_401,20.943932462124444,59.78517750049697,0,20.75011439842209
15,Log_402,21.44073964368688,59.62175222190807,0.5072215879344777,21.33342843137255
15,Log_403,21.152664247885077,61.57460994440025,-1.6569637654744849,21.037975247524752
15,Log_404,20.45479249849529,57.331108874425425,0.18046471300659842,20.10145405982906
15,Log_405,20.64503093921044,60.7457324352561,-0.21506786276932566,20.446327552986514
15,Log_406,21.58220620024923,54.79649169654892,0.7888836069197709,21.273071428571427
15,Log_407,21.20344808058656,56.619851706556,0.3220147406415521,20.924407945736434
15,Log_408,21.62928969983867,56.019059636466956,0.8115913464391377,21.37844827586207
15,Log_409,21.751831578635997,61.845516291531005,0.32577004691128253,21.731080378250592
15,Log_410,21.141843168532972,58.247889899433694,0.3394767449647108,20.9189846743295
15,Log_411,21.402534964727913,56.41777849576675,0.7638025301986426,21.154262430939227
15,Log_412,22.018105131074346,53.93197630743408,0.5921376918327499,21.7488952991453
15,Log_413,20.298103664591498,57.77569424164854,-0.49744486624955686,19.933570881226053
15,Log_414,21.613706367511586,56.94049421624381,0.3680509093790163,21.40150641025641
15,Log_416,21.499848264940642,56.81226636481763,0.5870907151897469,21.251864522417154
15,Log_417,19.749603275364944,61.82881031486038,-1.6596837766397092,19.457225260416667
15,Log_418,19.315388124330042,63.628185211201526,-1.508005531470679,19.015298850574712
15,Log_420,21.793075912990094,56.57291655600657,0.6402268298673786,21.592495780590717
15,Log_421,21.211207517728383,58.14696349118236,0.36452174327854386,20.986820881226052
15,Log_422,20.170658733471264,60.80808245706156,-0.7470816368205314,19.90085882352941
15,Log_423,21.290002819537957,57.00843285140991,0.427958342870222,21.031204238921003
15,Log_424,20.846811222513665,61.349219049398016,0.007168279172082248,20.736367816091953
15,Log_425,20.974746864840483,61.07249541020167,-0.07381493334007351,20.82855828220859
15,Log_426,18.82999594541391,61.779985346188255,-2.29645826038021,18.425757383966246
15,Log_427,21.85209700563011,54.40154399103981,0.99784165551555,21.569112716763005
15,Log_428,21.615850563312225,54.77584351509735,0.8215648503163688,21.317059047619047
15,Log_429,21.491529123538736,57.137673465408646,0.6568450632925872,21.29281704980843
15,Log_430,20.746777481659212,61.076723830996684,-0.011317372820291074,20.598607279693486
15,Log_431,21.474715620137033,56.904101862849686,0.5439385194104711,21.24692307692308
15,Log_432,20.889075999134384,58.11720375927379,-0.019171721620070616,20.622342535787322
15,Log_433,21.756397874144824,55.97476678907695,0.9343949479921672,21.5379161849711
15,Log_434,21.92554918151108,56.7536017649602,0.22837773049364812,21.74014084507042
15,Log_435,21.408976340775975,64.21061359749449,0.3439930869996451,21.426554865424432
15,Log_436,21.244164337619598,56.488185950767146,0.43275496523907514,20.96352011494253
15,Log_437,20.43217508786232,59.033695777255375,-0.23167973088743546,20.146129834254143
15,Log_438,21.561929641073895,56.59588187306916,0.6091902083318883,21.333238095238094
16,Log_401,21.073847457652473,59.26353041407301,0,20.860720588235296
16,Log_402,21.57112970617407,59.21667586695928,0.4972822485215951,21.44722450980392
16,Log_403,21.40048070717409,61.18278358868203,-1.6324741656282058,21.29425786163522
16,Log_404,20.668150086352192,56.995543135306235,0.2767842992412087,20.324540043290042
16,Log_405,20.816609649957453,60.12870648803672,-0.1725561255249027,20.608907088122606
16,Log_406,21.809328436415043,54.547328801520756,0.8256408041205343,21.498697318007665
16,Log_407,21.412032330200503,56.19267283799473,0.38872914600340797,21.121458333333333
16,Log_408,21.73607559125402,55.99340892576339,0.7385804920884963,21.474820809248556
16,Log_409,21.944891302916655,61.67422542878122,0.3143847794573758,21.91526595744681
16,Log_410,21.3345324822386,57.90195038377616,0.3325732246053223,21.11729768786127
16,Log_411,21.576788674208782,56.00424582986809,0.8028029476839948,21.313038674033148
16,Log_412,22.158134986558114,53.77112738740114,0.6122241896470364,21.874540860215053
16,Log_413,20.625560949134684,57.318308047899215,-0.36903892097771435,20.267390173410405
16,Log_414,22.056918312538347,56.42939440299742,0.509461798672997,21.873904139433552
16,Log_416,21.663229542412687,56.60218480508965,0.6271699070895111,21.42121608527132
16,Log_417,19.989119045802497,61.29199206530861,-1.502236565702805,19.699417333333333
16,Log_418,19.614079747940952,63.08930394016464,-1.3946145750586798,19.331515414258188
16,Log_420,21.867144742699143,56.50500616678815,0.6824114900754779,21.649592243186582
16,Log_421,21.425031418443687,57.73347766192387,0.37621189545475614,21.19018689788054
16,Log_422,20.367457517835852,60.385673648417175,-0.7063899398166223,20.087049019607843
16,Log_423,21.55745914793798,56.58827741078213,0.515415613868955,21.308078998073217
16,Log_424,21.04205995766577,60.821460476560716,0.004729361798889009,20.920534682080923
16,Log_425,21.203329180522292,60.515692678957,-0.006979219197090114,21.056893292682926
16,Log_426,18.971023391050423,61.14543457469018,-2.260106697406423,18.556367088607594
16,Log_427,21.901961151823887,54.51628874861761,0.8989036816628944,21.608387283236993
16,Log_428,21.87256816646482,54.51976701052083,0.8862517708693306,21.58158141762452
16,Log_429,21.6076503167124,56.957151855330444,0.6211192716958608,21.404009578544063
16,Log_430,20.868343747836285,60.68471996019718,0.024013620796351415,20.702979768786125
16,Log_431,21.824278316279308,56.29852287640843,0.7136372884255697,21.61976937984496
16,Log_432,21.02823842099151,57.774949113613225,0.03616957672440592,20.744737951807227
16,Log_433,21.912265261639867,55.553793288124744,0.8542941583073267,21.684150980392157
16,Log_434,22.186228437229005,56.03564060669298,0.3343924224827555,21.981051643192487
16,Log_435,21.700451860140703,63.551681066976116,0.5052410501597961,21.71195987654321
16,Log_436,21.48519356686693,56.15696619920844,0.484873335158432,21.194980732177264
16,Log_437,20.529696185286678,58.78814390156891,-0.27310735769092076,20.234522099447513
16,Log_438,21.722112728841548,56.50614567766885,0.5712270334380657,21.479809381237526
17,Log_401,21.022552273369865,59.47574413911441,0,20.80341176470588
17,Log_402,21.477500908809393,59.30647240585408,0.45494863543952724,21.331985294117647
17,Log_403,21.73321737183128,61.322750153767615,-1.5389891183208797,21.68350308641975
17,Log_404,20.728378428366984,57.15552609441371,0.3557706218691431,20.398035714285715
17,Log_405,20.860291936730654,60.1194484957739,-0.134343196346212,20.648728682170542
17,Log_406,21.85721633941585,54.703846966500535,0.8662194177536229,21.544243217054262
17,Log_407,21.462744255244402,56.24887320551241,0.4718384653014331,21.167006782945737
17,Log_408,21.62011051618566,56.199601788039836,0.677075226977951,21.33674470134875
17,Log_409,21.629071848501553,62.068163949235455,0.07209407571219299,21.544348591549294
17,Log_410,21.011727526802353,59.47143594641126,0.012631702562768228,20.77969476744186
17,Log_411,21.46505360820368,56.24630084636989,0.7312962539101248,21.18062615101289
17,Log_412,22.226453132839033,53.7448545802002,0.5968209664612352,21.931228354978355
17,Log_413,20.804952476722598,57.06295274345977,-0.18148183054407369,20.446577519379844
17,Log_414,22.120888104994037,56.45204752636794,0.6466087821156288,21.93095860566449
17,Log_416,21.53171603778742,56.917103865414255,0.6158545351458659,21.26121264367816
17,Log_417,20.322866585078454,60.35804416142887,-1.2688157903170543,20.04231165311653
17,Log_418,19.80836057686159,62.38809308238564,-1.1476924095341958,19.52094219653179
17,Log_420,21.882954550092762,56.420506304393626,0.7503368523275191,21.656225308641975
17,Log_421,21.335391978252808,58.06666182288274,0.3560802340315086,21.09391040462428
17,Log_422,20.418116273746854,60.364238649606484,-0.6044359996230123,20.14055882352941
17,Log_423,21.614084624287987,56.82522195075358,0.6199289522484414,21.37172868217054
17,Log_424,20.935305973524862,61.28723513726431,-0.043074760231398716,20.80733429672447
17,Log_425,21.181588524657275,60.88089096715527,0.0011962204767392304,21.037830284552847
17,Log_426,18.779902707149514,61.8268005448387,-2.3058033134611935,18.353767080745342
17,Log_427,21.753940811459497,55.00585270957157,0.8266908716641461,21.443503853564547
17,Log_428,21.809114229949344,54.744255669175,0.8732221369512179,21.498417148362236
17,Log_429,21.533118251686542,57.05675474121184,0.5548623920461602,21.307474951830443
17,Log_430,20.97596203455964,60.435665135502745,0.05602035733038947,20.815758620689657
17,Log_431,21.89708974787852,56.40581635842389,0.7899638152110606,21.68547435897436
17,Log_432,21.088526479365274,57.4732042116141,0.040294767568361936,20.793095528455286
17,Log_433,21.713978986611686,56.44073914140204,0.7108472945903779,21.460437015503874
17,Log_434,22.136114032200094,55.92653198890324,0.2723008922039866,21.910473193473194
17,Log_435,21.658124675628045,63.46956727800085,0.4952981961387141,21.63961316872428
17,Log_436,21.42569642808054,56.17134687181966,0.4875174842959231,21.1183246628131
17,Log_437,20.59114276304355,58.493270680014234,-0.1631023760690663,20.28248802946593
17,Log_438,21.62541218014113,56.59717023570925,0.5283577362085031,21.355213572854293
18,Log_401,20.57853078058873,60.9661214184308,0,20.364617647058825
18,Log_402,21.008757930577435,60.88263642986759,0.43022714998870537,20.864751960784314
18,Log_403,21.64024593204948,61.57051438362278,-1.6413747755402863,21.591712418300652
18,Log_404,20.46689195332601,58.28731287959518,0.49603362273264157,20.1465348583878
18,Log_405,20.488384734945466,61.31408962930631,-0.05686753224216358,20.269552325581394
18,Log_406,21.471237211944068,55.860800755617305,0.9271427955226241,21.15352519379845
18,Log_407,21.176795474525093,57.26014821626347,0.6215830287172086,20.886884015594543
18,Log_408,21.090555496018908,57.8140235776879,0.6050554111932407,20.80076107899807
18,Log_409,21.14585063726257,63.94070535279634,0.05592952137903228,21.06566193853428
18,Log_410,20.167356612508968,62.30406617447449,-0.3830154744433823,19.91919864341085
18,Log_411,21.06618098436428,57.50825936712153,0.7864817407851215,20.76860497237569
18,Log_412,21.89658603996387,54.59503827471326,0.631658249479357,21.596721505376344
18,Log_413,20.5796209367463,58.14467660912409,0.019762013432454022,20.232939571150098
18,Log_414,21.77849519792018,57.43987781297197,0.8617903426798942,21.57835483870968
18,Log_416,21.23374334474768,58.172631897040496,0.675545490997101,20.962479411764704
18,Log_417,19.938367221077794,61.50743320998957,-0.9966731623475157,19.639908333333334
18,Log_418,19.67172412100022,62.93443368815704,-0.8412986175625357,19.381992292870905
18,Log_420,21.435001818919638,57.704594339850644,0.6992775737712891,21.192036231884057
18,Log_421,21.013833774543812,59.10288306798604,0.47020066361785456,20.760537790697676
18,Log_422,20.179417150243022,61.18788643098958,-0.39911363034570646,19.89930588235294
18,Log_423,21.254635593265448,58.07289520866713,0.7038002444435469,21.011368217054265
18,Log_424,20.53008223015928,62.661858078676225,-0.01980546243064269,20.388557170542636
18,Log_425,20.737503613162705,62.23503863758024,-0.008342063850942898,20.5806331300813
18,Log_426,18.585810429509273,62.33510007214234,-2.1344046764337445,18.1535305907173
18,Log_427,21.42851215560612,56.121616461492664,0.8109706539338607,21.11245
18,Log_428,21.40708420052484,56.07610636780275,0.8664800802445034,21.09188565891473
18,Log_429,20.99206389574132,58.63789902305079,0.44482464088253115,20.73753313840156
18,Log_430,20.602670725742897,61.60997833454097,0.11190929259473681,20.438685934489403
18,Log_431,21.23481142392106,57.84875711633551,0.7288055894644929,20.98563238095238
18,Log_432,20.80782651527646,58.45462645320483,0.15793538497818638,20.500179640718564
18,Log_433,21.197236503387696,58.189018308000534,0.6335281416843825,20.934489278752437
18,Log_434,21.881268735732725,56.84349791048112,0.2568990507242801,21.64794248826291
18,Log_435,21.31530033271575,64.70067403432526,0.5914852538507837,21.28904012345679
18,Log_436,21.141196557197972,57.29360442937468,0.599456621742311,20.842283914728682
18,Log_437,20.349662172842567,59.367602096696395,0.05085039127423316,20.047791896869246
18,Log_438,21.167158168594526,57.97913012762908,0.5220409250049901,20.89378143712575
19,Log_401,19.64472464197398,64.20635601841255,0,19.419939215686274
19,Log_402,19.991639626782277,64.29762722209506,0.34691498480829713,19.83703431372549
19,Log_403,20.93728036100986,63.20280942384066,-1.4127743171519336,20.828655913978494
19,Log_404,19.616265778252505,60.954926968625756,0.5952193037624485,19.27828
19,Log_405,19.672154739493603,64.16058531064826,0.0531526336024603,19.44248449612403
19,Log_406,20.671594765590342,58.56337520938397,1.0331417979973363,20.34624658869396
19,Log_407,20.369163368353234,59.77317304072895,0.7398219765730369,20.064750487329434
19,Log_408,20.267174901511293,60.54421153735829,0.648280442870671,19.964167635658914
19,Log_409,20.3780332491562,66.91333551937761,0.26478309890094454,20.28570330969267
19,Log_410,18.87872008891633,66.67682703869109,-0.750622627932687,18.61533042635659
19,Log_411,20.180408076265884,60.09554315022367,0.8296410614295309,19.856394106813998
19,Log_412,21.312030385142634,56.36592036923552,0.8158957946559514,21.00067741935484
19,Log_413,19.849942490343345,60.80678851261797,0.23317389899425073,19.503522286821706
19,Log_414,21.007594765086385,59.91036304647182,1.0816339853082508,20.78528662420382
19,Log_416,20.45466143968565,61.07310569048146,0.6992237050145735,20.182170682730924
19,Log_417,18.82857839958292,65.02964507787551,-0.6838704191144684,18.51533482142857
19,Log_418,19.13528047028542,65.10793787774212,-0.4742901936848594,18.84441375968992
19,Log_420,20.591246765405256,60.11771421441469,0.7426815903079775,20.321479166666666
19,Log_421,20.13990449360452,61.92966511326275,0.5221019078265317,19.87822965116279
19,Log_422,19.500194664727875,63.458814291719584,-0.1445299772461058,19.209519607843138
19,Log_423,20.362435493079825,61.17068714379814,0.721218159018571,20.11982261208577
19,Log_424,19.550135256505495,66.14614945423713,-0.08654656883436605,19.39960916179337
19,Log_425,19.745937323952887,65.64401241375377,-0.010001864991565348,19.597709090909092
19,Log_426,17.66760152319806,64.29329473830938,-1.9796439725632942,17.188208860759495
19,Log_427,20.527601837983394,58.92116097658335,0.8590732266014411,20.20077290448343
19,Log_428,20.407118244999566,58.928024213938585,0.7931918582646302,20.06539437984496
19,Log_429,20.001409117131733,61.50319216209781,0.3823465832506801,19.72093469785575
19,Log_430,19.71053476513822,64.48569618252392,0.2082406167172965,19.5132761627907
19,Log_431,20.123628624638876,61.21565620225161,0.553303326969316,19.844942528735633
19,Log_432,20.027923893053917,61.291056910378835,0.2962071931913799,19.72416564417178
19,Log_433,20.16697314843444,61.54832358228294,0.5212926934716816,19.894718323586744
19,Log_434,21.116422952276768,59.24240827068261,0.1593875108921306,20.859154676258992
19,Log_435,20.50445580707824,67.74158791472907,0.6798695667599475,20.461526748971192
19,Log_436,20.362136918079752,59.710430746515115,0.7447340292644105,20.04785949612403
19,Log_437,19.620833113251287,61.44874690872059,0.24021466601441813,19.289639194139195
19,Log_438,20.292634395954664,60.615296707744925,0.5615865077767388,19.9976498015873
20,Log_401,18.40775552578993,68.10252648170143,0,18.145692307692308
20,Log_402,18.635891935727315,68.6933105892646,0.22813640993738515,18.441503944773174
20,Log_403,20.260996580751357,65.79598322326083,-0.78882178719393925,20.123392720306512
20,Log_404,18.58096468594663,63.71291639506802,0.7767935103137663,18.20201789709172
20,Log_405,18.600205855508367,67.60549159705296,0.21569172953489024,18.34671150097466
20,Log_406,19.61283697192593,61.66386456889322,1.2233055525835075,19.2705604288499
20,Log_407,19.274760588772185,62.93590686553366,0.8913375932188548,18.940348927875245
20,Log_408,19.118030504956135,64.08773119611844,0.7312029240740263,18.799167641325536
20,Log_409,19.387949205885853,71.19522545573427,0.5960794430716893,19.30984299516908
20,Log_410,17.474466272579374,70.88997226457121,-0.9154132147644131,17.15512670565302
20,Log_411,19.088341938662946,63.161577867168106,0.9336233299910958,18.735705340699816
20,Log_412,20.584657226880847,58.62508075391458,1.243201049075665,20.265627705627704
20,Log_413,18.963779194219537,63.66204947403222,0.5799388028951207,18.599508771929823
20,Log_414,20.105951905303044,62.80874807087147,1.3759428552976243,19.86577850877193
20,Log_416,19.31654167060706,64.61155536641678,0.8697422843680566,19.026224550898203
20,Log_417,17.90782594221596,67.64645401867878,-0.11187835810175024,17.567666666666668
20,Log_418,18.396902217778365,67.67324496337017,0.02214081819958875,18.092461013645224
20,Log_420,19.391017411870855,63.435353400368776,0.8349261319595794,19.07990476190476
20,Log_421,19.063970660737958,65.21999393654656,0.6744597531258798,18.772430799220274
20,Log_422,18.60958761665665,66.6270836502891,0.20183209086672277,18.29517948717949
20,Log_423,19.267174702336874,64.39617002290349,0.8621024177072472,18.9921931372549
20,Log_424,18.355463971679495,69.87008753562483,-0.03776645540295027,18.15358187134503
20,Log_425,18.44859366534807,69.48908093678064,-0.04694896627833232,18.233327272727273
20,Log_426,16.843954039223718,66.85020919248988,-1.7221635787224985,16.34294846491228
20,Log_427,19.491451336135036,62.03748569090489,1.0398332426472299,19.14438067061144
20,Log_428,19.35214703064044,62.145028116904335,0.9707593349775154,18.989796296296298
20,Log_429,18.957388545560896,64.5545769959773,0.5741103672337934,18.64124019607843
20,Log_430,18.56718281804215,67.78624690892607,0.3381872860672183,18.31027156862745
20,Log_431,18.951782163998583,64.59968348749433,0.5389384339032373,18.637309803921568
20,Log_432,18.922471797620023,64.20759470321968,0.49395248830606875,18.587349397590362
20,Log_433,18.834565980898535,65.81244675707411,0.4001978114420429,18.54872287968442
20,Log_434,19.934863050278476,63.55330848292625,0.24774486727005707,19.691525
20,Log_435,19.23009499293994,72.13728708649195,0.6740037130286617,19.172108695652174
20,Log_436,19.312282612850208,62.93666145093667,0.9297408193432629,18.97911306042885
20,Log_437,18.624102566480367,64.28262771597593,0.4562975744024038,18.26238305709024
20,Log_438,19.23407354818097,63.885938240251015,0.7487059887036998,18.917234530938124
21,Log_401,17.12794039019456,71.92663751200294,0,16.80012130177515
21,Log_402,17.202985382754612,72.93284010789026,0.05306817697877096,16.91805882352941
21,Log_403,19.260088740548017,68.99001684930815,0.036584068357842885,19.074048523206752
21,Log_404,17.500824467184767,66.7931138526824,0.9768349613890419,17.085683222958057
21,Log_405,17.466959929690212,71.48613269848705,0.3402949611067996,17.165137596899225
21,Log_406,18.60586242158312,65.09681483443075,1.4683924936447077,18.263327519379846
21,Log_407,18.16969180515725,66.5959541900227,1.053962895145088,17.81965
21,Log_408,18.113141780555335,67.50004093611868,1.0040317902308855,17.782052631578946
21,Log_409,18.444126640298784,75.17593707533202,0.9434684332233089,18.37562801932367
21,Log_410,16.440717435782346,73.35436639291149,-0.6623326680459977,16.060763157894737
21,Log_411,18.08560666063331,66.1577205381798,1.2000605244438545,17.715043278084714
21,Log_412,19.692795140695118,61.69433536886043,1.7393302000763662,19.382617965367967
21,Log_413,17.961357791195603,67.09012296600287,0.8549842526593058,17.59696783625731
21,Log_414,18.983622803541735,66.30714975417388,1.611024602301487,18.729096774193547
21,Log_416,18.33541915177808,68.22848245676953,1.143958082387929,18.05142015968064
21,Log_417,16.65021150699796,71.12639193161051,0.3332943380551529,16.26049523809524
21,Log_418,17.69309177703278,70.39438456774333,0.5771231070498639,17.387299019607845
21,Log_420,18.21157242009193,67.43760805512076,0.9580516772208232,17.890306418219463
21,Log_421,17.977107105322144,69.06445809328467,0.8755657989640417,17.678466085271317
21,Log_422,17.79526484126877,69.40711893210782,0.6407148550791699,17.464105882352943
21,Log_423,18.135052142471395,68.09772505935311,1.0177002004865932,17.835929411764706
21,Log_424,17.092085334220915,73.7999279732524,-0.02165757821866428,16.81114619883041
21,Log_425,17.33674340300088,72.38276122725433,0.13942735924241695,17.040441767068273
21,Log_426,15.859081886543056,68.80237896682257,-1.2779996938414195,15.303358649789029
21,Log_427,18.463809361833796,65.55340684155202,1.2714218436268918,18.117764880952382
21,Log_428,18.367110701246684,65.49989697942338,1.2689307804718828,18.009276162790698
21,Log_429,18.000686169791027,67.90699626153963,0.8739229407211365,17.66975588235294
21,Log_430,17.423605381584963,71.90735212056046,0.35728920767303074,17.132222868217053
21,Log_431,17.75756005995898,68.17054144844022,0.6264673351616074,17.411927450980393
21,Log_432,17.627012168610353,68.34502180538742,0.47366803005407015,17.260434738955823
21,Log_433,17.339527673432997,70.52120405650625,0.21520863533480847,16.995520588235294
21,Log_434,18.78862462787838,68.17898640574838,0.40065573638835006,18.54098201438849
21,Log_435,17.843650864733196,77.2893791363046,0.5836045126898669,17.752343685300207
21,Log_436,18.184075448278385,66.62816444377222,1.0814436750225611,17.840511695906432
21,Log_437,17.54425133913373,67.66126478323126,0.6475868699577698,17.149627071823204
21,Log_438,18.174070261856695,67.49751724901459,0.9833475134344897,17.84614271457086
22,Log_401,15.982438548777258,75.03925233784672,0,15.596557843137255
22,Log_402,15.915070602895923,76.52319539626333,-0.06736794588133559,15.56061568627451
22,Log_403,18.30885480353322,72.04446054546192,0.4930064534665132,18.08251126126126
22,Log_404,16.54671862047804,69.61258199438741,1.127499191153944,16.085006535947713
22,Log_405,16.410469685114116,74.67525108631816,0.45054494903935494,16.064593023255814
22,Log_406,17.580002815230397,67.94861051228321,1.618601757480287,17.187337209302324
22,Log_407,17.135604206995136,69.49974775299074,1.176722549094407,16.7313003875969
22,Log_408,17.132560497881776,70.38214653037639,1.1698998589288467,16.751092054263566
22,Log_409,17.513895564710968,78.4829087601318,1.1296293992699995,17.39337380952381
22,Log_410,15.751954523058151,74.88159091960294,-0.23903867259150122,15.338011695906433
22,Log_411,17.104735334221488,69.05065100968054,1.3585355527730278,16.691449633699634
22,Log_412,18.83377572191171,64.1805019233751,2.2016325908520917,18.483263440860213
22,Log_413,17.051412760511415,69.78627567848623,1.10367727467885,16.642710019267824
22,Log_414,18.221193409441053,68.72288771300724,1.8845863299241468,17.92606359649123
22,Log_416,17.46463833874131,70.81037093635042,1.446803349126878,17.135856862745097
22,Log_417,15.761074571737598,73.15892464536488,0.6699034742199821,15.304348039215686
22,Log_418,16.935680413389377,72.83699231962565,0.9739718112010199,16.59456007751938
22,Log_420,17.30192796642764,70.05468942552922,1.1631556787580286,16.93064094650206
22,Log_421,16.986845598543955,72.18996872194519,1.0269681520277296,16.639719653179192
22,Log_422,16.982560209557235,71.9904279557249,1.0001216607799754,16.616725490196078
22,Log_423,17.07992526332163,71.01985554349028,1.1222868486679025,16.709207364341086
22,Log_424,16.001864092091154,76.66657580747136,0.032491618757825906,15.659171511627907
22,Log_425,16.48586798788218,74.78053673224193,0.4089209405414488,16.14410101010101
22,Log_426,15.41338711085647,69.86986994356592,-0.6856431062446314,14.836669851380043
22,Log_427,17.465894440480092,68.42844117123465,1.4338549192908912,17.07089607843137
22,Log_428,17.427159412530596,68.44363206323291,1.4749249764756749,17.034251445086706
22,Log_429,17.086778072312388,70.54232541431497,1.1123165211717425,16.70516957364341
22,Log_430,16.320936043406594,75.44562080857439,0.38423477434780834,15.979938953488372
22,Log_431,16.81731424010819,70.97917536206518,0.8389771821454465,16.41631568627451
22,Log_432,16.501917276304187,71.3827271070128,0.5490312062410944,16.07946606786427
22,Log_433,16.17973788889936,73.44432644882168,0.18398274247009663,15.772204901960784
22,Log_434,17.644901413449833,71.59100242006613,0.5110524473838937,17.340268115942028
22,Log_435,16.608926810384048,81.48914639273269,0.4701545227144356,16.46473353909465
22,Log_436,17.14379192164906,69.52606254247242,1.1898461681155257,16.741187015503876
22,Log_437,16.52530209928928,70.58484225776512,0.7694780292524427,16.082479853479853
22,Log_438,17.151998931868466,70.6598057835326,1.11571513030071,16.780511904761905
23,Log_401,15.089850768261833,77.63830171574237,0,14.681477450980392
23,Log_402,14.99677671862214,79.2391732003704,-0.09307404963969249,14.620874509803922
23,Log_403,17.53809492524492,74.27336343457976,0.8105863526416476,17.286814814814814
23,Log_404,15.744888516661234,71.94354335296198,1.188019342148765,15.25355303030303
23,Log_405,15.60181002015019,77.23591586364586,0.5349794377200028,15.234343023255814
23,Log_406,16.797381443905646,70.07097725903017,1.7318983120829015,16.370654069767443
23,Log_407,16.391717492673425,71.69687205010943,1.3016380951263076,15.958588235294117
23,Log_408,16.375991392847066,72.46427463016093,1.306814163065089,15.96600968992248
23,Log_409,16.823181315327687,80.59338294332,1.3249629858146386,16.673869047619046
23,Log_410,15.243466898568313,76.10939953530955,0.18152319446127393,14.810735465116279
23,Log_411,16.3724106124541,71.22421204339264,1.5126606498248953,15.93115750915751
23,Log_412,18.190863062246336,66.01023650985279,2.517429780091522,17.80571568627451
23,Log_413,16.40127567187105,71.64971187938376,1.3421329270244757,15.967821772639692
23,Log_414,17.34337812247517,70.86428567236533,2.012788315632216,16.990844017094016
23,Log_416,16.83553249037136,73.111566292912,1.6499921392917503,16.488409181636726
23,Log_417,15.213997933549454,74.6087932108323,0.9116476452486849,14.738839869281046
23,Log_418,16.348446122936853,74.58174780710704,1.2849279385211019,15.986213178294573
23,Log_420,16.589423245079043,72.1320278627856,1.3496314443857318,16.189777777777778
23,Log_421,16.22037118379286,74.71260330526879,1.1512698647781383,15.85307225433526
23,Log_422,16.4041052004841,73.57950586200758,1.314254432222267,16.02120980392157
23,Log_423,16.353482048957524,73.15598572533462,1.2445340382153725,15.95889411764706
23,Log_424,15.221388298932519,78.80500943930191,0.14569968599326508,14.85691472868217
23,Log_425,15.834379501122463,76.5829936659646,0.6589155074048642,15.473107070707071
23,Log_426,14.895416737332784,70.53255047423647,-0.2201726581447342,14.282205944798301
23,Log_427,16.707609515085835,70.32603001000463,1.5940965069555708,16.275682261208576
23,Log_428,16.716925367709898,70.43285061890711,1.6302881577499955,16.291868217054265
23,Log_429,16.34059259735174,73.05127849336047,1.251865693821255,15.941916179337232
23,Log_430,15.479722827154694,78.05315724184108,0.4960329192204336,15.121278752436647
23,Log_431,16.088501843649755,73.10960614174144,1.0491746256337697,15.662407407407407
23,Log_432,15.770671904046804,73.56259331419132,0.7135223034466864,15.324232723577236
23,Log_433,15.47262953846218,74.92187302709101,0.3958009323653636,15.031802144249513
23,Log_434,16.82427598075878,73.42474670858999,0.6956795551861266,16.479462287104624
23,Log_435,15.866726493963425,83.47924584639063,0.6269346932701121,15.688732510288066
23,Log_436,16.402300859414137,71.27107900062869,1.3412252770185664,15.960971899224806
23,Log_437,15.83724712572847,72.26546352353174,0.9730288186076291,15.363709706959707
23,Log_438,16.41533199717906,72.62030554744635,1.2666155198347366,16.010015968063872
