Log_NR,T_mean,T_mean_day,T_mean_night,H_mean,UHI_mean,UHI_day,UHI_night,HI_mean,T_min,T_min_night,H_min,UHI_min,HI_min,T_max,T_max_day,H_max,UHI_max,HI_max,Tropical_night,Gfroerli_night,Summer_day,Hot_day,Very_hot_day
Log_401,18.492848066357332,20.142167920007342,15.105735273665578,70.78902894475992,0,0,0,18.30114874810589,1.3675898374914155,1.7040512703135704,31.24917982757305,0,1.37,35.21667811093309,35.21667811093309,86.62226291294728,0,36.49,0,18,32,18,1
Log_402,18.686892081228187,20.46664019201028,15.042342922834795,71.58433454100673,0.19404401487085637,0.3244722720029383,-0.0633923508307829,18.556697932678233,1.0151064316777294,1.3756008239871846,27.77584496833753,-2.945372701609827,1.02,37.49713893339437,37.49713893339437,87.73426413366903,5.329976348516055,39.35,0,18,29,24,1
Log_403,19.928261231378634,20.16624433633303,17.699530544806226,71.74841914013751,-0.342895920842658,-0.7801609429995499,1.034555493011309,19.908523249463002,10.21705958648051,10.21705958648051,37.43862058442054,-4.942778667887385,9.42,31.515602349889377,31.515602349889377,85.58655680170901,3.5194934004730243,31.83,0,0,21,2,0
Log_404,18.52475177692373,19.735735186304616,15.653561980021829,66.86121605543575,0.6277522509487201,0.3780465095585164,1.154967050940335,18.217448634880384,2.852292668039979,3.0899519340810286,37.116273746852826,-4.827954528114745,2.85,32.87479972533761,32.87479972533761,83.00587472343022,4.606317235065234,34.92,0,16,21,14,0
Log_405,18.570266912493704,20.00744648734275,15.619724906094564,71.67197834200243,0.07741884613637388,-0.13472143266458994,0.5139896324289863,18.407747721783046,1.6880292973220392,1.979095140001526,29.889219501029984,-4.69710841535057,1.69,35.27809567406729,35.27809567406729,88.43427176317998,4.5582513160906295,36.48,0,18,35,14,1
Log_406,19.638328338558868,20.97208387110789,16.89659309807546,65.05044993460241,1.1454802722015365,0.8299159511005476,1.7908578244098825,19.386702925714978,3.162050812542915,3.22613870450904,28.07339589532311,-4.33928435187304,3.11,36.1326009002823,36.1326009002823,83.60479133287556,5.639734493018999,37.47,2,14,29,24,1
Log_407,19.207851136581656,20.534946883330957,16.477899511365187,66.58310240631609,0.7150030702243249,0.39277896332361384,1.372164237699609,18.959209724378884,2.793545433737698,3.033875028610666,29.368505378805217,-4.787899595635912,2.79,35.985732814526585,35.985732814526585,83.90997177080949,4.921416037232007,37.78,1,16,28,22,1
Log_408,19.32586071904819,20.755115836743116,16.392799983330733,67.20111272788704,0.8330126526908573,0.6129479167357748,1.287064709665155,19.10795238642217,3.0872816052491032,3.2448310063324968,28.78294041351949,-4.699778744182495,3.05,35.62256809338521,35.62256809338521,85.29091325246051,4.483482108796839,37.15,1,15,28,24,1
Log_409,19.11460056230758,20.353305962462805,16.569876700094845,74.47608720967189,0.6217524959502481,0.21113804245546422,1.4641414264292674,19.083404774407136,3.7335011825741944,3.840314335851069,27.08537422751202,-5.006866559853512,3.32,35.360875867856876,35.360875867856876,96.58831158922712,5.343327992675679,35.95,2,12,30,19,1
Log_410,18.378721470301887,19.602121280475195,15.870719218776774,70.84218716982713,-0.11412659605544474,-0.540046639532145,0.7649839451111964,18.162399806275694,4.286259250782024,4.286259250782024,32.45273517967498,-6.998931868467238,3.07,34.6692607003891,34.6692607003891,85.15739681086443,5.167086289768825,37.19,0,13,28,25,0
Log_411,19.507073357796,20.809069233872705,16.83533720723955,66.21150510398094,1.0142252914386662,0.6669013138653647,1.7296019335739743,19.284091312036786,4.232852674143587,4.454489967193105,27.98756389715419,-5.647745479514761,3.05,36.23941405355917,36.23941405355917,84.47837033646144,6.192492561226828,37.56,2,12,30,24,1
Log_412,19.990811743896288,20.983283095353407,17.94495055320726,63.62340570848266,1.4979636775389558,0.8411151753460646,2.8392152795416834,19.73778476894985,5.944533455405505,6.16083009079118,32.63965819790951,-4.851987487602042,4.52,34.161898222323956,34.161898222323956,82.43175402456703,6.304646372167539,35.08,6,8,34,18,0
Log_413,19.093005687859474,20.13053232407481,16.96236572012361,66.82565231638206,0.6001576215021419,-0.011635595932530824,1.856630446458034,18.82352675289555,4.945830472266728,5.02059967956054,35.1764705882353,-5.404745555809882,3.54,34.15922789349203,34.15922789349203,83.92713817044327,7.12176699473563,34.8,3,9,31,16,0
Log_414,19.73066410260805,20.886312244439026,17.35322253349724,66.27333053690413,1.2378160362507167,0.7441443244316844,2.247487259831662,19.537553025074764,4.649423971923397,4.721522850385291,34.55848020141909,-5.38872358281834,3.19,35.4623483634699,35.4623483634699,85.94514381628137,7.014953841458762,37.03,3,10,30,24,1
Log_416,19.67226222586116,20.906297960874983,17.139585429084104,67.28365742179646,1.17941415950383,0.7641300408676412,2.033850155418526,19.490175070450885,3.8429846646829944,3.848325322346838,32.16281376363775,-4.950789654383154,3.1,34.43961242084383,34.43961242084383,87.15251392385748,7.359426260776679,36.54,5,11,27,27,0
Log_417,16.774143150626575,17.86589835537992,15.152901757330689,71.13255871119745,-0.2275063867949921,-0.940993961044454,1.2591628096454357,16.39025371335223,4.259555962462805,4.470511940184636,40.53620202944991,-6.5022507057297645,3.03,31.862745098039213,31.862745098039213,84.29716945143817,6.133745326924547,33.6,0,11,16,3,0
Log_418,18.862237297748806,19.790042393716213,16.95311773010419,70.5628780509084,0.3693892313914745,-0.35212552629112864,1.8473824564386125,18.675287793899592,4.895094224460209,5.14877546349279,36.26939803158618,-8.857480735484856,3.59,31.528953994048976,31.528953994048976,87.86015106431678,7.017624170290688,33.52,4,11,33,4,0
Log_420,19.47324217935435,20.8423785539423,16.660609989934162,66.31356689509586,0.9803941129970192,0.7002106339349592,1.5548747162685836,19.25375142797018,2.84428168154421,2.9938200961318344,33.18135347524224,-5.415426871137559,2.84,36.0845349813077,36.0845349813077,83.82986190585183,6.064316777294572,38.15,2,13,29,25,1
Log_421,19.215963356928164,20.618491056195218,16.33333887972337,68.87897655988023,0.7231152905708311,0.4763231361878762,1.2276036060577937,19.037027943590534,2.7828641184100107,2.7828641184100107,30.999313344014645,-5.204470893415731,2.78,35.569161516746775,35.569161516746775,87.6064698252842,6.472877088578613,36.79,1,15,28,22,1
Log_422,18.931427826460773,19.902417257038085,16.931076806715595,69.24518556229748,0.43857976010344224,-0.23975066296925637,1.8253415330500167,18.718016575237364,4.272907606622418,4.272907606622418,36.60128175783933,-7.962920576791021,3.02,32.88281071183337,32.88281071183337,84.59472037842374,6.683833066300457,34.47,3,11,29,16,0
Log_423,19.270351877141643,20.63310615669744,16.470175984537438,67.51481065756201,0.7775038107843097,0.4909382366900971,1.3644407108718604,19.061364224827717,3.2795452811474775,3.3089188982986215,32.42984664682994,-4.4220645456626215,3.06,36.10322728313115,36.10322728313115,85.55603875791562,5.74120698863203,37.24,2,14,30,24,1
Log_424,18.523810530488262,20.11328818670436,15.264874175251263,72.69660331791577,0.030962464130929825,-0.02887973330298117,0.15913890158568567,18.409879069992048,1.9230182345311633,1.9230182345311633,29.91020065613794,-4.667734798199433,1.92,35.0965133134966,35.0965133134966,89.2716105897612,7.813382162203396,36.38,0,17,32,18,1
Log_425,18.788886890122324,20.163944472364033,15.965318169148258,70.82322505800747,0.2960388237649932,0.021776552356689738,0.8595828954826791,18.627210493431253,4.168764782177462,4.168764782177462,32.68352788586252,-4.72114137483787,3.11,35.312809948882276,35.312809948882276,88.43617914091706,6.184481574731052,36.58,0,14,31,20,1
Log_426,17.556843427139462,18.507213397951052,15.609330140816178,67.24147948037671,-0.9360046392178709,-1.6349545220562895,0.5035948671506008,17.144519167079245,3.33562218661784,3.33562218661784,31.48187991149767,-7.241931792172128,2.98,32.83207446402686,32.83207446402686,84.5279621576257,6.152437628747993,32.23,4,14,29,5,0
Log_427,19.76277522327939,21.15239156833996,16.91140653377215,64.69877993478944,1.2699271569220607,1.01022364833262,1.8056712601065736,19.51663293994609,3.853665980010682,3.9097428854810374,28.24887464713512,-4.341954680704964,3.2,36.72274357213702,36.72274357213702,83.59143968871595,5.020218204013119,37.53,3,11,29,24,1
Log_428,19.671029526699137,21.034491099525866,16.871491307038628,64.98319486521848,1.1781814603418064,0.8923231795185227,1.7657560333730509,19.423672208344584,3.4905012588693083,3.6373693446250073,28.55977721828031,-4.977492942702375,3.03,36.29549095902952,36.29549095902952,84.65575646601053,6.112382696269172,36.99,2,13,29,27,1
Log_429,19.375738490292026,20.804037600773125,16.44422906366209,67.31895733519112,0.882890423934696,0.6618696807657818,1.3384937899965104,19.184528166289095,3.2127870603494344,3.2421606775005714,29.997940032043942,-4.49149309529259,3.14,35.70801861600671,35.70801861600671,84.72251468680858,4.870679789425502,36.7,1,14,30,22,1
Log_430,18.600665525285365,20.173139933091814,15.396800385445802,72.33492234190349,0.10781745892803297,0.03097201308447301,0.2910651117802243,18.47375697535148,2.545204852368961,2.622644388494699,30.041809719996948,-5.006866559853512,2.54,35.24071107042039,35.24071107042039,88.31029221026932,3.7064164187075512,36.41,0,18,33,18,1
Log_431,19.45712812779365,20.89082937428856,16.511661597443528,66.71054542218087,0.9642800614363162,0.7486614542812189,1.405926323777949,19.2529547969654,2.88700694285496,2.88700694285496,33.202334630350194,-5.677119096665898,2.89,35.43564507515069,35.43564507515069,84.2189669642176,6.240558480201422,37.92,3,13,28,26,1
Log_432,18.88993593264419,20.292606146908927,16.04621245282944,67.57365027937597,0.39708786628685566,0.1504382269015847,0.9404771791638615,18.635496142461594,3.7575341420614943,3.8296330205233815,30.53772793163958,-5.7412069886320225,3.07,35.24071107042039,35.24071107042039,84.53559166857404,6.595712214847026,36.14,1,16,31,18,1
Log_433,19.083162291490975,20.69121793532165,15.794601572948691,67.51833038225125,0.5903142251336432,0.5490500153143081,0.6888662992831127,18.858155739746802,3.680094605935757,3.680094605935757,29.107194628824296,-6.125734340428778,2.95,36.076523994811936,36.076523994811936,84.06828412298772,5.458152132448319,37.56,0,16,28,26,1
Log_434,19.01420861375448,20.1890680738392,16.529332707223993,67.95835638966507,0.4186801484536806,0.046900153831857284,1.1537226189244898,18.778577270885133,4.310292210269324,4.328984512092774,29.719462882429234,-5.75188830395971,2.97,35.41962310215915,35.41962310215915,84.81979095140001,5.431448844129093,36.48,1,9,30,20,1
Log_435,18.950563487972467,20.414652474048605,15.949963827406188,75.60072893971632,0.45771542161513634,0.2724845540412637,0.8442285537406098,18.94425166094058,3.7575341420614943,3.7575341420614943,23.955367360952163,-6.499580376897841,3.3,36.67467765316243,36.67467765316243,96.12291142137788,5.629053177691304,38.1,0,16,27,25,1
Log_436,19.363765362275785,20.69147966417436,16.64443463198294,65.92245994348076,0.870917295918454,0.5493117441670178,1.5386993583173618,19.111763146716626,4.1607537956817,4.1607537956817,26.587548638132297,-4.937438010223538,2.95,35.69199664301519,35.69199664301519,83.52849622339208,4.948119325551232,37.03,1,12,28,22,1
Log_437,18.93649313281309,20.23999652508257,16.262349296736016,67.39396765744985,0.44364506645575924,0.09782860507522816,1.156614023070438,18.68589532136106,3.867017624170288,3.867017624170288,29.706111238269628,-5.086976424811169,3.02,35.13656824597544,35.13656824597544,83.84512092774852,5.084306095979244,36.47,0,13,35,14,1
Log_438,19.3808227774781,20.744323266352584,16.58565623484215,66.78195654148875,0.8879747111207692,0.6021553463452431,1.4799209611765733,19.157627987442613,3.8723582818341313,3.8723582818341313,28.002822919050892,-4.966811627374682,3.1,36.0471503776608,36.0471503776608,86.00045777065691,5.922789349202716,36.83,1,12,30,23,1
