"","X","Log_NR","NORD_CHTOPO","OST_CHTOPO","LV_03_N","LV_03_E","HuM","Location","LCZ_mixed","LCZ","LU_3","LU_7","ID","AD","AD_125","AD_250","AD_5","AD_50","AD_500","ASP","ASP_125","ASP_250","ASP_5","ASP_50","ASP_500","BH_NA","BH_NA_100","BH_NA_1000","BH_NA_175","BH_NA_25","BH_NA_250","BH_NA_500","BH_NA_750","DEM","DEM_125","DEM_250","DEM_5","DEM_50","DEM_500","FLAC","FLAC_125","FLAC_250","FLAC_5","FLAC_50","FLAC_500","LC_B","LC_B_100","LC_B_1000","LC_B_175","LC_B_25","LC_B_250","LC_B_500","LC_B_750","NDVI","NDVI_250","OS_AC","OS_AC_100","OS_AC_1000","OS_AC_175","OS_AC_25","OS_AC_250","OS_AC_500","OS_AC_750","OS_FO","OS_FO_100","OS_FO_1000","OS_FO_175","OS_FO_25","OS_FO_250","OS_FO_500","OS_FO_750","OS_GA","OS_GA_100","OS_GA_1000","OS_GA_175","OS_GA_25","OS_GA_250","OS_GA_500","OS_GA_750","OS_SE","OS_SE_100","OS_SE_1000","OS_SE_175","OS_SE_25","OS_SE_250","OS_SE_500","OS_SE_750","OS_WA","OS_WA_100","OS_WA_1000","OS_WA_175","OS_WA_25","OS_WA_250","OS_WA_500","OS_WA_750","ROU","ROU_125","ROU_250","ROU_5","ROU_50","ROU_500","SLO","SLO_125","SLO_250","SLO_5","SLO_50","SLO_500","TPI","TPI_125","TPI_250","TPI_5","TPI_50","TPI_500","VH","VH_100","VH_1000","VH_175","VH_25","VH_250","VH_500","VH_750"
"1",1,"Log_401",46.74982,7.58521,1177635.984,2611199.79,NA,"Referenz 3m","D","D","rural","low green",1,0.04925537109375,0.0449415035545826,-0.028991112485528,0.04925537109375,0.0524256676435471,-0.21559950709343,348.359558105469,180.642211914062,180.334381103516,348.359558105469,151.25927734375,179.207366943359,NA,8.69999980926514,6.81630420684814,6.04722213745117,NA,5.65208339691162,4.37580633163452,4.86643838882446,570.049255371094,570.044921875,569.971008300781,570.049255371094,570.052429199219,569.784423828125,128,38.4735984802246,40.5974617004395,128,57.6942138671875,43.2228202819824,0,0.0226757377386093,0.0131184868514538,0.0262965671718121,0,0.0184544399380684,0.00607783533632755,0.00640322780236602,0.691694796085358,0.691694796085358,1,0.823129236698151,0.815796613693237,0.813732624053955,1,0.850826621055603,0.828350186347961,0.834261655807495,0,0,0.0311130918562412,0,0,0,0.00441133230924606,0.0228937324136496,0,0.0113378688693047,0.0440583154559135,0.0350620895624161,0,0.0226835831999779,0.0372512489557266,0.0251743346452713,0,0.142857149243355,0.0914086252450943,0.124908693134785,0,0.108035370707512,0.117635525763035,0.107056707143784,0,0,0.00450483895838261,0,0,0,0.00627389457076788,0.00421034172177315,0.118408203125,0.359177052974701,0.49566861987114,0.118408203125,0.323357194662094,0.492586612701416,0.445856034755707,1.45546233654022,1.94130527973175,0.445856034755707,1.34653770923615,1.94017851352692,0.0122833251953125,-0.000115319824544713,0.000874238845426589,0.0122833251953125,-0.00835853721946478,-7.7729178883601e-05,0.241613909602165,0.117943398654461,0.929042637348175,0.200297445058823,0.182913169264793,0.336569547653198,0.474539667367935,0.751779615879059
"2",2,"Log_402",46.74982,7.58521,1177635.984,2611199.79,NA,"Referenz 2m","D","D","rural","low green",2,0.04925537109375,0.0449415035545826,-0.028991112485528,0.04925537109375,0.0524256676435471,-0.21559950709343,348.359558105469,180.642211914062,180.334381103516,348.359558105469,151.25927734375,179.207366943359,NA,8.69999980926514,6.81630420684814,6.04722213745117,NA,5.65208339691162,4.37580633163452,4.86643838882446,570.049255371094,570.044921875,569.971008300781,570.049255371094,570.052429199219,569.784423828125,128,38.4735984802246,40.5974617004395,128,57.6942138671875,43.2228202819824,0,0.0226757377386093,0.0131184868514538,0.0262965671718121,0,0.0184544399380684,0.00607783533632755,0.00640322780236602,0.691694796085358,0.691694796085358,1,0.823129236698151,0.815796613693237,0.813732624053955,1,0.850826621055603,0.828350186347961,0.834261655807495,0,0,0.0311130918562412,0,0,0,0.00441133230924606,0.0228937324136496,0,0.0113378688693047,0.0440583154559135,0.0350620895624161,0,0.0226835831999779,0.0372512489557266,0.0251743346452713,0,0.142857149243355,0.0914086252450943,0.124908693134785,0,0.108035370707512,0.117635525763035,0.107056707143784,0,0,0.00450483895838261,0,0,0,0.00627389457076788,0.00421034172177315,0.118408203125,0.359177052974701,0.49566861987114,0.118408203125,0.323357194662094,0.492586612701416,0.445856034755707,1.45546233654022,1.94130527973175,0.445856034755707,1.34653770923615,1.94017851352692,0.0122833251953125,-0.000115319824544713,0.000874238845426589,0.0122833251953125,-0.00835853721946478,-7.7729178883601e-05,0.241613909602165,0.117943398654461,0.929042637348175,0.200297445058823,0.182913169264793,0.336569547653198,0.474539667367935,0.751779615879059
"3",3,"Log_403",46.75077,7.60025,1177744.305,2612349.203,NA,"Burgerwald","B","B","rural","forest",3,-1.9005126953125,-1.82963061332703,-2.0611674785614,-1.9005126953125,-1.8805239200592,-1.9375855922699,353.470947265625,152.614944458008,155.269973754883,353.470947265625,163.872344970703,168.04460144043,NA,NA,14.0073928833008,NA,NA,NA,3.15000009536743,7.01403522491455,568.099487304688,568.170349121094,567.938842773438,568.099487304688,568.119445800781,568.062438964844,64,27.3663997650146,33.9538650512695,64,36.7685966491699,39.3665313720703,0,0,0.00636122887954116,0,0,0,0.00313694728538394,0.00249989028088748,0.751457214355469,0.751457214355469,0,0,0.620256900787354,0.155588015913963,0,0.267204910516739,0.49838250875473,0.58571994304657,1,0.693877577781677,0.0692309588193893,0.409057706594467,1,0.274894267320633,0.121360652148724,0.0774088874459267,0,0.272108852863312,0.168931469321251,0.346238136291504,0,0.311034232378006,0.253406524658203,0.199728086590767,0,0.034013606607914,0.131234377622604,0.0891161412000656,0,0.146866589784622,0.123713359236717,0.134467780590057,0,0,0.0039850496686995,0,0,0,0,0.000175430905073881,0.1376953125,0.354751080274582,0.693977296352386,0.1376953125,0.216417044401169,0.487907648086548,0.738079190254211,1.40241920948029,2.96271204948425,0.738079190254211,0.872937977313995,2.07172703742981,0.006195068359375,-0.00608459487557411,-0.00277607585303485,0.006195068359375,0.0029961452819407,0.000405010825488716,20.1185913085938,13.6822195053101,1.91948676109314,8.2264986038208,19.3019752502441,5.60522651672363,2.80865526199341,2.05955028533936
"4",4,"Log_404",46.74515,7.60521,1177120,2612729,NA,"Stockhorn Arena","8","8","urban","dense urban",4,-0.96795654296875,-1.02642333507538,-1.20041942596436,-0.96795654296875,-0.921031594276428,-1.30829167366028,62.8030815124512,162.393325805664,170.463470458984,62.8030815124512,131.436218261719,157.969223022461,NA,23.6685543060303,15.0768823623657,21.6943435668945,NA,21.8308773040771,22.3211269378662,18.7863330841064,569.032043457031,568.973571777344,568.799560546875,569.032043457031,569.078979492188,568.691711425781,64,36.7263984680176,31.153787612915,64,46.3057861328125,35.2678184509277,0,0.360544204711914,0.0783148929476738,0.439006567001343,0,0.354863524436951,0.12528184056282,0.0751282870769501,0.646519303321838,0.646519303321838,0,0,0.45976585149765,0,0,0.0226835831999779,0.396235674619675,0.518529891967773,0,0,0,0,0,0,0,0,0,0.0226757377386093,0.279522776603699,0.0124178230762482,0,0.0149942329153419,0.0932261571288109,0.182184994220734,1,0.616780042648315,0.175688713788986,0.548575580120087,1,0.606689751148224,0.38309970498085,0.213630974292755,0,0,0.0067077549174428,0,0,0.00076893501682207,0.00215665134601295,0.0105258543044329,0.14910888671875,0.248547852039337,0.287703007459641,0.14910888671875,0.256917655467987,0.552162170410156,0.716130435466766,0.963256418704987,1.16845667362213,0.716130435466766,0.964174032211304,2.43412923812866,-0.00730133056640625,0.00140964356251061,-0.00286068278364837,-0.00730133056640625,0.00868199858814478,0.000364046485628933,0.537251472473145,0.0917179360985756,0.921371042728424,0.054986797273159,0.155910685658455,0.141390785574913,0.837275147438049,0.836141049861908
"5",5,"Log_405",46.75718,7.60421,1178458,2612650,NA,"Thunerallmend","D","D","rural","low green",5,-6.046630859375,-5.99664115905762,-6.13100957870483,-6.046630859375,-6.0291748046875,-6.43081474304199,3.07859683036804,99.6961441040039,132.416687011719,3.07859683036804,111.622100830078,152.766815185547,NA,NA,15.7863426208496,NA,NA,NA,NA,16.2002964019775,563.953369140625,564.003356933594,563.869018554688,563.953369140625,563.970825195312,563.569213867188,64,78.1296005249023,64.8885040283203,64,82.8429718017578,53.1348876953125,0,0,0.0564837493002415,0,0,0,0,0.0291215293109417,0.781684696674347,0.781684696674347,1,0.736961424350739,0.585109293460846,0.765522301197052,0.720000028610229,0.816993474960327,0.90824431180954,0.72869610786438,0,0,0.00202965270727873,0,0,0,0,0.00223674392327666,0,0.263038545846939,0.146110251545906,0.234477713704109,0.280000001192093,0.183006539940834,0.0623468272387981,0.114863380789757,0,0,0.210143312811852,0,0,0,0.0293108522891998,0.12486294656992,0,0,0.000123759309644811,0,0,0,9.80296026682481e-05,0.000219288631342351,0.17138671875,0.139147073030472,0.156438425183296,0.17138671875,0.171377137303352,0.209233671426773,0.848061800003052,0.607418477535248,0.667830288410187,0.848061800003052,0.754096627235413,0.892311453819275,-0.00817108154296875,0.000160339361173101,0.000109724242065568,-0.00817108154296875,-0.00162487186025828,-0.00032443436793983,0.0276056881994009,0.0521212741732597,0.570372760295868,0.0572893992066383,0.0440274924039841,0.0554294474422932,0.0866020247340202,0.412098914384842
"6",6,"Log_406",46.76261,7.60603,1179061,2612788,NA,"KVA Parkplatz","8/E","8","urban","dense urban",6,-10.3624267578125,-10.6293525695801,-10.6953468322754,-10.3624267578125,-10.430477142334,-10.3380994796753,23.5356025695801,176.318740844727,177.704803466797,23.5356025695801,165.584854125977,171.714935302734,NA,35.6483840942383,16.558536529541,35.9236145019531,NA,29.2491397857666,24.3099746704102,18.5954761505127,559.637573242188,559.370666503906,559.304626464844,559.637573242188,559.569519042969,559.661926269531,64,31.9535999298096,27.6835823059082,64,43.9338836669922,33.1292037963867,0,0.213151931762695,0.186406269669533,0.327246159315109,0,0.371395617723465,0.251641988754272,0.207447037100792,0.324364483356476,0.324364483356476,0,0,0.162396967411041,0.0116873634979129,0,0.0215301811695099,0.0241152830421925,0.0901714861392975,0,0,0.0116828791797161,0,0,0,0.00686207227408886,0.0110082887113094,0,0.0680272132158279,0.229944810271263,0.0606281943619251,0,0.079200305044651,0.126752272248268,0.206613749265671,1,0.718820869922638,0.394247680902481,0.600438296794891,1,0.527873873710632,0.590628385543823,0.483926147222519,0,0,0.015321402810514,0,0,0,0,0.000833296799100935,0.11492919921875,0.267596870660782,0.399803310632706,0.11492919921875,0.188813015818596,0.43750849366188,0.409846603870392,1.16403484344482,1.79588484764099,0.409846603870392,0.749103665351868,1.86494517326355,0.0281295776367188,0.00650017103180289,-0.000105875813460443,0.0281295776367188,0.0048560150898993,-2.01171897060703e-05,0,0.00499383546411991,0.974678099155426,0.0612293668091297,0,0.345888495445251,0.737579643726349,0.97283923625946
"7",7,"Log_407",46.76181,7.60933,1178973,2613040,NA,"KVA Grünfläche","D/E","D","urban","low green",7,-9.9273681640625,-9.76066398620605,-9.91172313690186,-9.9273681640625,-9.79710960388184,-10.3400144577026,127.86107635498,170.577285766602,146.301422119141,127.86107635498,214.793182373047,148.226013183594,NA,6.9466667175293,17.1464653015137,12.5415201187134,NA,12.831485748291,17.4210376739502,16.8036212921143,560.072631835938,560.239318847656,560.088256835938,560.072631835938,560.202880859375,559.659973144531,1,41.0592002868652,40.5148010253906,1,37.4462814331055,38.5917053222656,0,0.0453514754772186,0.213410556316376,0.117604091763496,0,0.169550180435181,0.239388301968575,0.231744214892387,0.332840174436569,0.332840174436569,0,0,0.131828427314758,0.00511322123929858,0,0.00999615527689457,0.0423487909138203,0.0954782664775848,0,0,0.00997500028461218,0,0,0,0.00372512498870492,0.0055699311196804,1,0.349206358194351,0.16101086139679,0.243973702192307,0.600000023841858,0.195693969726562,0.126948341727257,0.133415207266808,0,0.60544216632843,0.459147036075592,0.633309006690979,0.400000005960464,0.62475973367691,0.58435446023941,0.510416209697723,0,0,0.0246281027793884,0,0,0,0.0032349769026041,0.0233761668205261,0.09716796875,0.245179682970047,0.267340123653412,0.09716796875,0.264348298311234,0.43812695145607,0.379044711589813,1.03732800483704,1.12004172801971,0.379044711589813,1.11777770519257,1.86105024814606,-0.0216140747070312,0.000167822261573747,0.000284945126622915,-0.0216140747070312,0.00027087502530776,0.000648161221761256,0.125298991799355,1.95341575145721,0.990480124950409,1.3560049533844,3.23070883750916,0.8250852227211,0.800224184989929,0.875710964202881
"8",8,"Log_408",46.76604,7.60234,1179442,2612505,NA,"Lerchenfeld","6","6","urban","green urban",8,-12.7890014648438,-12.707329750061,-12.6023788452148,-12.7890014648438,-12.7227621078491,-12.3064565658569,323.692047119141,148.494613647461,147.935501098633,323.692047119141,151.323760986328,158.830368041992,NA,11.4472532272339,15.667818069458,10.990252494812,11,10.5338430404663,13.2757654190063,13.7948694229126,557.210998535156,557.292663574219,557.397644042969,557.210998535156,557.277221679688,557.693542480469,16,39.4272003173828,40.7954635620117,16,29.4462814331055,40.7363967895508,0,0.206349208950996,0.169921532273293,0.203798398375511,0.0399999991059303,0.178777396678925,0.193314373493195,0.201438531279564,0.49847275018692,0.49847275018692,0,0,0.0461374707520008,0,0,0,0.00147044402547181,0.0283320900052786,0,0.00680272094905376,0.138090640306473,0.0635500401258469,0,0.0711264908313751,0.0339182429015636,0.0726722478866577,0,0.637188196182251,0.350585371255875,0.620891153812408,0.479999989271164,0.647443294525146,0.571512579917908,0.453488886356354,1,0.149659857153893,0.278755486011505,0.110299490392208,0.479999989271164,0.101114958524704,0.198804035782814,0.237401872873306,0,0,0.0165094919502735,0.00146092043723911,0,0.00153787003364414,0.000980296055786312,0.00666637439280748,0.1856689453125,0.455776184797287,0.404865443706512,0.1856689453125,0.355381488800049,0.353563636541367,0.547316551208496,1.70755684375763,1.52391147613525,0.547316551208496,1.30374431610107,1.3432297706604,-0.02252197265625,0.00157304690219462,0.000126056605949998,-0.02252197265625,0.0023094997741282,0.00029905789415352,0.102604202926159,0.464053094387054,2.59164333343506,1.54398310184479,0.183122590184212,1.60150933265686,1.16383075714111,1.75684189796448
"9",9,"Log_409",46.76011,7.62234,1178786,2614034,NA,"Scheibenstrasse","5","5","urban","green urban",9,-11.584716796875,-11.769947052002,-11.7850685119629,-11.584716796875,-11.5281858444214,-12.2194356918335,132.371963500977,148.754806518555,151.503952026367,132.371963500977,141.423355102539,165.164733886719,NA,17.2933959960938,17.8481903076172,20.048168182373,NA,20.2148342132568,18.8525829315186,18.4384307861328,558.415283203125,558.230041503906,558.214904785156,558.415283203125,558.471801757812,557.780578613281,1,35.992000579834,37.6593627929688,1,25.8347110748291,33.4432907104492,0,0.24036280810833,0.259424269199371,0.259313374757767,0,0.275278747081757,0.217331632971764,0.244199812412262,0.367379188537598,0.367379188537598,0,0,0.0199747532606125,0.0168005842715502,0,0.00884275324642658,0.0140182338654995,0.0170606561005116,0,0,0.00034652606700547,0,0,0,0.000784236821345985,0.000614008167758584,0,0.306122452020645,0.255637228488922,0.253469675779343,0.319999992847443,0.23990772664547,0.155671015381813,0.213981837034225,1,0.453514724969864,0.391277432441711,0.470416367053986,0.680000007152557,0.473663985729218,0.465738654136658,0.423227041959763,0,0,0.0733397677540779,0,0,0.00230680499225855,0.146456226706505,0.100916624069214,0.38470458984375,0.838341295719147,0.63448292016983,0.38470458984375,0.238350361585617,0.559372425079346,1.70368421077728,3.48667311668396,2.63357257843018,1.70368421077728,0.930082142353058,2.37255191802979,-0.00826263427734375,-0.00535292970016599,-4.6228087740019e-05,-0.00826263427734375,-0.000699886586517096,-0.000393722672015429,0.0684033185243607,0.384237319231033,1.01854181289673,0.339316338300705,0.0838169306516647,0.446839839220047,1.2957661151886,1.17469799518585
"10",10,"Log_410",46.76289,7.63818,1179098,2615244,NA,"Lauenenweg","6","6","urban","green urban",10,80.7564086914062,82.7841110229492,87.2460479736328,80.7564086914062,80.7580490112305,101.1982421875,174.373550415039,228.156951904297,238.476028442383,174.373550415039,203.349014282227,243.652770996094,NA,9.18032741546631,12.5189294815063,8.42670822143555,7.09999990463257,8.77801418304443,9.18057918548584,9.65725612640381,650.756408691406,652.784118652344,657.246032714844,650.756408691406,650.758056640625,671.1982421875,4,12.868800163269,13.0288352966309,4,6.47107458114624,14.377610206604,0,0.138321995735168,0.0970025509595871,0.117604091763496,0.239999994635582,0.108419835567474,0.0915596485137939,0.0938555300235748,0.660273313522339,0.660273313522339,0,0.156462579965591,0.130986854434013,0.157048940658569,0,0.161860823631287,0.184197634458542,0.182448133826256,0,0.0544217675924301,0.399371296167374,0.139517903327942,0,0.189926952123642,0.310263693332672,0.340072810649872,1,0.519274353981018,0.280884146690369,0.490138798952103,0.560000002384186,0.445597857236862,0.330065667629242,0.302004307508469,0,0.10884353518486,0.0892304629087448,0.0847333818674088,0.200000002980232,0.0868896543979645,0.0805803388357162,0.078900046646595,0,0.0226757377386093,0.00252469000406563,0.010956902988255,0,0.00730488263070583,0.00333300651982427,0.00271917902864516,3.76287841796875,4.01424407958984,4.68437671661377,3.76287841796875,3.71818447113037,5.63188219070435,18.1739673614502,16.309289932251,19.035831451416,18.1739673614502,15.7877635955811,22.2545623779297,-0.366584777832031,-0.0131695317104459,-0.0199379660189152,-0.366584777832031,-0.0127488439902663,-0.00799122080206871,0.117683470249176,3.49039268493652,8.4261999130249,4.61831569671631,0.394013464450836,5.08437776565552,7.16410636901855,7.82303428649902
"11",11,"Log_411",46.76149,7.63146,1178942,2614731,NA,"Spital","05. Feb","2","urban","dense urban",11,3.4327392578125,4.71406888961792,5.43358898162842,3.4327392578125,3.95946669578552,8.81320571899414,212.610641479492,228.70573425293,232.098587036133,212.610641479492,253.483795166016,236.183563232422,NA,26.469446182251,16.7412376403809,26.9197578430176,NA,23.7841835021973,17.7883377075195,17.0144710540771,573.432739257812,574.714050292969,575.43359375,573.432739257812,573.95947265625,578.813232421875,16,18.992000579834,21.0788154602051,16,14.4297523498535,21.8779525756836,0,0.244897961616516,0.244498893618584,0.299488663673401,0,0.287197232246399,0.27360063791275,0.26678654551506,0.475302815437317,0.475302815437317,0,0,0.0585134029388428,0.0365230105817318,0,0.046136099845171,0.0263699628412724,0.0322354286909103,0,0,0.00653449166566133,0,0,0,0,0,0,0.267573684453964,0.425682544708252,0.322863399982452,0.280000001192093,0.349480956792831,0.452994793653488,0.459848254919052,1,0.48752835392952,0.21910348534584,0.341124922037125,0.720000028610229,0.317185699939728,0.246446430683136,0.21599930524826,0,0,0.0456671863794327,0,0,0,0.000588177645113319,0.0251304768025875,1.86956787109375,1.50175809860229,1.57389736175537,1.86956787109375,1.65724015235901,1.93023312091827,8.24089431762695,6.42356061935425,6.66713619232178,8.24089431762695,6.9434494972229,8.07130432128906,-0.293571472167969,0.00935767777264118,-0.00869317445904016,-0.293571472167969,-0.0555044114589691,0.000349249923601747,0.226516336202621,1.01849639415741,1.18765342235565,0.908307015895844,0.358097463846207,0.773592114448547,0.830160617828369,0.970858156681061
"12",12,"Log_412",46.75875,7.62995,1178637,2614616,NA,"Innenstadt","2","2","urban","dense urban",12,-10.064453125,-5.96973466873169,-2.38176560401917,-10.064453125,-9.13241577148438,-5.01375198364258,244.583374023438,212.912414550781,193.282867431641,244.583374023438,247.086502075195,184.65299987793,NA,21.9115886688232,19.0847434997559,20.3201198577881,21.966667175293,20.4588108062744,21.2177333831787,20.9824924468994,559.935546875,564.0302734375,567.618225097656,559.935546875,560.867614746094,564.986267089844,16,13.6752004623413,24.0761241912842,16,14.4793386459351,27.6831684112549,0,0.528344690799713,0.256676822900772,0.366691023111343,0.600000023841858,0.329488664865494,0.337319880723953,0.292224019765854,0.358436614274979,0.358436614274979,0,0,0.00908393319696188,0,0,0,0.00294088805094361,0.00539450021460652,0,0,0.00118808937259018,0,0,0,0,0.000614008167758584,0,0.176870748400688,0.328679978847504,0.242512777447701,0,0.259900033473969,0.206744432449341,0.257181704044342,1,0.269841283559799,0.311378419399261,0.23959094285965,0.400000005960464,0.254517495632172,0.304577976465225,0.333976566791534,0,0.0249433107674122,0.0929927453398705,0.151205256581306,0,0.156093806028366,0.148416817188263,0.1106091812253,1.70294189453125,3.11713457107544,2.55738162994385,1.70294189453125,2.16059517860413,1.73041772842407,6.78604984283447,12.3296461105347,10.2830076217651,6.78604984283447,8.74960231781006,7.05281686782837,-0.188400268554688,-0.0387763045728207,0.00700293341651559,-0.188400268554688,-0.079218901693821,-0.00253316923044622,0,0.66312962770462,1.24576771259308,0.977408170700073,0,0.947780668735504,0.936600685119629,1.27221262454987
"13",13,"Log_413",46.75683,7.63252,1178424,2614813,NA,"Aarequai","G","G","water","water",13,-12.4237060546875,-11.7493381500244,-10.1269769668579,-12.4237060546875,-12.230523109436,-5.97219848632812,68.710563659668,176.94758605957,193.618591308594,68.710563659668,149.060699462891,194.905548095703,NA,24.7469387054443,18.3120918273926,20.4529418945312,NA,20.5480518341064,19.8593616485596,18.3786087036133,557.576293945312,558.250671386719,559.873046875,557.576293945312,557.769470214844,564.02783203125,4,29.7600002288818,22.9884662628174,4,30.4793395996094,22.0877361297607,0,0.0997732430696487,0.207445353269577,0.207450687885284,0,0.234909653663635,0.238211944699287,0.214552000164986,0.432732313871384,0.432732313871384,0,0,0.013192743062973,0,0,0,0.00617586495354772,0.00587693508714437,0,0,0.0490829423069954,0,0,0,0.000980296055786312,0.00495592318475246,0,0.122448980808258,0.338234215974808,0.17531044781208,0,0.249519422650337,0.312322318553925,0.345818161964417,1,0.16326530277729,0.270958632230759,0.238130018115044,0.159999996423721,0.246828138828278,0.286638557910919,0.288057535886765,0,0.61451244354248,0.121086113154888,0.379108846187592,0.839999973773956,0.268742799758911,0.155671015381813,0.140739440917969,0.16436767578125,0.933168768882751,0.971880972385406,0.16436767578125,0.945192933082581,1.2630410194397,0.279797405004501,3.97868776321411,4.10017347335815,0.279797405004501,3.99246382713318,5.30993509292603,0.0030975341796875,-0.0104969358071685,-0.00235686684027314,0.0030975341796875,-0.0283200610429049,-0.00336482538841665,0.00347946770489216,1.17348849773407,2.53006052970886,1.48525643348694,0.362949758768082,1.40361726284027,1.57955622673035,1.5535876750946
"14",14,"Log_414",46.75517,7.62994,1178239,2614616,NA,"Busbahnhof","E/2","E","urban","dense urban",14,-10.2991943359375,-10.4868040084839,-10.8786630630493,-10.2991943359375,-10.2884407043457,-11.2379055023193,41.7230339050293,164.001113891602,169.264038085938,41.7230339050293,174.494659423828,164.691711425781,NA,21.5202121734619,18.510778427124,21.8134517669678,NA,21.5568313598633,20.8581924438477,19.8731288909912,559.700805664062,559.51318359375,559.121337890625,559.700805664062,559.711547851562,558.762084960938,64,46.6767997741699,36.4667434692383,64,55.5289268493652,34.8258018493652,0,0.195011332631111,0.194673404097557,0.275383502244949,0,0.259515583515167,0.212920308113098,0.200780674815178,0.397371411323547,0.397371411323547,0,0,0.00702952919527888,0.000730460218619555,0,0.00768935028463602,0.00735222036018968,0.00714880926534534,0,0,0.00294547155499458,0,0,0,0,0.00521906930953264,0,0.140589565038681,0.329100757837296,0.0876552239060402,0,0.101883888244629,0.198902070522308,0.269067138433456,1,0.664399087429047,0.321328669786453,0.62600439786911,1,0.603613972663879,0.450249969959259,0.368624180555344,0,0,0.144922152161598,0.0102264424785972,0,0.027297193184495,0.130575433373451,0.149160131812096,0.48687744140625,0.315034478902817,0.510336816310883,0.48687744140625,0.240381166338921,0.538212895393372,2.1511173248291,1.25384640693665,2.05613589286804,2.1511173248291,0.923712730407715,2.19426155090332,0.0070343017578125,0.00083565671229735,0.00180525961332023,0.0070343017578125,0.00292363436892629,-0.000499831163324416,0,0.190082624554634,1.58678734302521,0.415533810853958,0,0.556192815303802,1.29700088500977,1.6992073059082
"15",15,"Log_415",46.75273,7.63179,1177968,2614758,NA,"Gleisfeld","E","E","urban","dense urban",15,-10.0972900390625,-10.7810211181641,-11.1337480545044,-10.0972900390625,-10.3718748092651,-11.2111129760742,233.772033691406,157.273849487305,157.766647338867,233.772033691406,173.247146606445,163.250625610352,NA,15.5500001907349,15.8727569580078,19.5224304199219,NA,15.878399848938,14.8500003814697,16.5565280914307,559.902709960938,559.218994140625,558.866271972656,559.902709960938,559.628112792969,558.788879394531,16,27.3631992340088,30.9131107330322,16,16.3471069335938,29.6533679962158,0,0.00907029490917921,0.147174581885338,0.0781592428684235,0,0.096116878092289,0.100088223814964,0.124555937945843,0.4758420586586,0.4758420586586,0,0,0.0139848021790385,0.00146092043723911,0,0.00307574006728828,0.0112734045833349,0.0092101227492094,0,0,0.0221529174596071,0,0,0,0.0116655230522156,0.00521906930953264,0,0.034013606607914,0.348283469676971,0.144631117582321,0,0.220299884676933,0.298598170280457,0.304416477680206,1,0.952380955219269,0.309249758720398,0.66252738237381,1,0.54325258731842,0.36731693148613,0.334678292274475,0,0.00453514745458961,0.15915447473526,0.11322133243084,0,0.137254908680916,0.211057737469673,0.22192008793354,0.4376220703125,0.496698915958405,0.44239753484726,0.4376220703125,0.310414224863052,0.373628735542297,0.791225969791412,1.87255442142487,1.70845305919647,0.791225969791412,1.08393311500549,1.49741363525391,0.208236694335938,0.00120635982602835,0.000518971879500896,0.208236694335938,0.00260509154759347,-2.27004584303359e-05,0,0.46881952881813,2.22182083129883,0.831027865409851,0,1.0502815246582,2.4862425327301,1.93769967556
"16",16,"Log_416",46.7496,7.63395,1177620,2614924,NA,"ESP Thun Bahnhof","E","E","urban","dense urban",16,-10.5960693359375,-10.5709953308105,-11.0835342407227,-10.5960693359375,-10.7213153839111,-11.3489637374878,114.419624328613,186.365631103516,176.3994140625,114.419624328613,201.313354492188,181.263092041016,NA,7.83999967575073,11.924542427063,8.68200016021729,6.19999980926514,9.06538486480713,12.6083164215088,12.2371082305908,559.403930664062,559.429016113281,558.916442871094,559.403930664062,559.278686523438,558.651062011719,1,27.7168006896973,27.1626300811768,1,24.3966941833496,28.0398006439209,0,0.034013606607914,0.105244919657707,0.0365230105817318,0.0399999991059303,0.0399846211075783,0.0977355167269707,0.0967501401901245,0.499113976955414,0.499113976955414,0,0.00907029490917921,0.0179203487932682,0.0255661066621542,0,0.027297193184495,0.0242133121937513,0.0151747725903988,0,0,0.0404692962765694,0,0,0,0,0.00421034172177315,0,0.145124718546867,0.447488933801651,0.113951787352562,0,0.0830449834465981,0.26409175992012,0.420902580022812,1,0.811791360378265,0.225068688392639,0.762600421905518,0.959999978542328,0.653210282325745,0.358102142810822,0.267093539237976,0,0,0.163807824254036,0.0613586567342281,0,0.196462899446487,0.25585725903511,0.195868596434593,0.08740234375,0.699373126029968,0.414943516254425,0.08740234375,0.286242783069611,0.385091364383698,0.272586762905121,2.74559998512268,1.66566121578217,0.272586762905121,1.0637354850769,1.55753529071808,0.0172805786132812,0.00494777830317616,0.000542206224054098,0.0172805786132812,-0.0143501348793507,-0.000390000350307673,0,0.918201565742493,2.70108914375305,0.448512971401215,0.97093665599823,0.513781070709229,1.12549781799316,1.85893309116364
"17",17,"Log_417",46.74835,7.64059,1177483,2615432,NA,"Bächihölzli","A","A","rural","forest",17,11.4537353515625,9.31286525726318,7.09267711639404,11.4537353515625,10.6357002258301,6.14699602127075,240.918701171875,258.932678222656,222.988067626953,240.918701171875,281.393524169922,211.07258605957,NA,3.29999995231628,10.4708423614502,9.00303077697754,NA,10.2977275848389,10.6279401779175,10.6512432098389,581.453735351562,579.312866210938,577.092651367188,581.453735351562,580.635681152344,576.14697265625,8,24.0480003356934,18.9250297546387,8,22.1487598419189,18.966178894043,0,0.00453514745458961,0.0980173721909523,0.04894083365798,0,0.0849673226475716,0.100088223814964,0.10574097931385,0.668854296207428,0.668854296207428,0,0.0839002281427383,0.034479346126318,0.0964207425713539,0,0.101499423384666,0.0552886985242367,0.0358756184577942,1,0.79818594455719,0.105517193675041,0.539810061454773,0.959999978542328,0.37216454744339,0.158905982971191,0.111047759652138,0,0.0204081628471613,0.442117780447006,0.176040902733803,0,0.330257594585419,0.486030787229538,0.485154151916504,0,0.0929705202579498,0.120813839137554,0.138787433505058,0.0399999991059303,0.10918877273798,0.112341925501823,0.113065212965012,0,0,0.199054479598999,0,0,0.00192233757115901,0.0873443782329559,0.149116262793541,1.92431640625,4.41858434677124,3.44893193244934,1.92431640625,3.42384386062622,2.1092836856842,7.86121225357056,18.4238700866699,14.9727430343628,7.86121225357056,13.7369165420532,9.25095748901367,0.0572128295898438,-0.00697558606043458,0.00328059867024422,0.0572128295898438,0.0796564891934395,-0.00130164530128241,21.9267272949219,19.7753601074219,3.48772287368774,14.2808742523193,22.4026660919189,10.1983470916748,5.13953685760498,3.99868011474609
"18",18,"Log_418",46.74619,7.63853,1177242,2615275,NA,"Schadau","G/B","G","water","water",18,-12.244873046875,-11.9463596343994,-11.5250368118286,-12.244873046875,-11.9657573699951,-9.37608242034912,99.1068344116211,166.671432495117,180.975433349609,99.1068344116211,182.794906616211,191.578872680664,NA,0,11.1631488800049,14.6863641738892,0,12.8777780532837,11.1385049819946,11.4914503097534,557.755126953125,558.053649902344,558.474975585938,557.755126953125,558.034240722656,560.623901367188,128,37.5712013244629,35.1084213256836,128,43.859504699707,29.8542308807373,0,0.00453514745458961,0.0711616054177284,0.0160701237618923,0.0399999991059303,0.0349865444004536,0.0524458400905132,0.0642515644431114,0.566077828407288,0.566077828407288,0,0,0.0290091838687658,0,0,0,0.00411724345758557,0.0338581651449203,0,0,0.061755895614624,0.00292184087447822,0,0.0357554778456688,0.106656208634377,0.0830226764082909,0,0.249433100223541,0.322417765855789,0.311176031827927,0.159999996423721,0.332564383745193,0.317811965942383,0.310030251741409,0,0.0498866215348244,0.133610561490059,0.0620891153812408,0.0399999991059303,0.0676662847399712,0.0840113684535027,0.106135696172714,1,0.696145117282867,0.38204500079155,0.60774290561676,0.759999990463257,0.529027283191681,0.434957355260849,0.402701646089554,1.603759765625,0.317073047161102,0.371238172054291,1.603759765625,0.510283172130585,0.676849484443665,7.08478832244873,1.26690435409546,1.52384197711945,7.08478832244873,1.97021102905273,2.81520938873291,-0.316047668457031,-0.00414285901933908,-0.00100369798019528,-0.316047668457031,0.00535230385139585,-0.000295340054435655,2.01752495765686,2.28276515007019,2.55038380622864,2.03948092460632,4.6096339225769,2.54256129264832,4.08645534515381,3.15602135658264
"19",19,"Log_419",46.75304,7.6207,1178000,2613911,NA,"Progymatte","D/E","E","urban","green urban",19,-8.3995361328125,-8.49693584442139,-8.43531322479248,-8.3995361328125,-8.45575428009033,-8.50484275817871,114.075500488281,157.058395385742,157.661560058594,114.075500488281,143.555419921875,164.435394287109,NA,20.0508480072021,13.4827852249146,15.5948057174683,NA,13.3138427734375,12.4305534362793,11.9509887695312,561.600463867188,561.503051757812,561.564697265625,561.600463867188,561.544250488281,561.495178222656,1,41.2416000366211,36.8692817687988,1,22.3305778503418,36.8583488464355,0,0.133786842226982,0.199648529291153,0.168736308813095,0,0.161476358771324,0.158415839076042,0.169115394353867,0.57763946056366,0.57763946056366,0,0.0385487526655197,0.00881166290491819,0.0182615052908659,0,0.0107650905847549,0.00656798342242837,0.00342090264894068,0,0,0,0,0,0,0,0,1,0.492063492536545,0.562783122062683,0.542731940746307,0.600000023841858,0.595155715942383,0.64542692899704,0.641331493854523,0,0.335600912570953,0.228583455085754,0.270270258188248,0.400000005960464,0.232602849602699,0.189491227269173,0.185956761240959,0,0,0.000173263033502735,0,0,0,9.80296026682481e-05,0.000175430905073881,0.02227783203125,0.23513662815094,0.295949578285217,0.02227783203125,0.153914526104927,0.372219800949097,0.0630076825618744,0.90605491399765,1.11322462558746,0.0630076825618744,0.614498555660248,1.41659927368164,-0.00262451171875,-0.000117810057417955,0.000680459255818278,-0.00262451171875,0.00503174355253577,0.000129363150335848,0.746539056301117,0.485469460487366,1.05398738384247,0.758781254291534,0.0900970175862312,0.851415693759918,1.19317734241486,1.23554468154907
"20",20,"Log_420",46.74678,7.62247,1177305,2614048,NA,"Hohmad","6","6","urban","green urban",20,-8.71722412109375,-8.40876388549805,-8.3108549118042,-8.71722412109375,-8.51028156280518,-8.07877826690674,113.435592651367,172.523239135742,160.455963134766,113.435592651367,151.037811279297,156.360397338867,NA,7.74444437026978,11.488995552063,9.23299980163574,6.84999990463257,9.17386341094971,10.5007762908936,11.2299995422363,561.282775878906,561.591247558594,561.689147949219,561.282775878906,561.48974609375,561.921203613281,1,23.3680000305176,28.1276435852051,1,30.6363639831543,32.371826171875,0,0.142857149243355,0.187322095036507,0.148283421993256,0.159999996423721,0.170703575015068,0.20272521674633,0.19977194070816,0.517866253852844,0.517866253852844,0,0,0.0398504994809628,0,0,0,0.000196059205336496,0.00570150418207049,0,0,0,0,0,0,0,0,1,0.777777791023254,0.597905993461609,0.689554393291473,0.639999985694885,0.686658978462219,0.642780125141144,0.619446516036987,0,0.0793650820851326,0.174525380134583,0.162162154912949,0.200000002980232,0.14225298166275,0.154004514217377,0.174773037433624,0,0,0.000396029790863395,0,0,0.000384467508411035,0.00029408882255666,0.000307004083879292,0.26531982421875,0.333116590976715,0.326566815376282,0.26531982421875,0.297906547784805,0.377295404672623,0.976786136627197,1.24309146404266,1.22904121875763,0.976786136627197,1.05474078655243,1.43323075771332,-0.0581207275390625,-0.00076239014742896,-0.00102355913259089,-0.0581207275390625,-0.00119819329120219,-6.8320514401421e-05,0.123693555593491,0.988912463188171,0.892396211624146,0.872921109199524,0.136767417192459,0.662188708782196,0.647260367870331,0.774908721446991
"21",21,"Log_421",46.73948,7.61728,1176492,2613653,NA,"Neufeld","6","6","urban","green urban",21,-6.78515625,-6.57393741607666,-6.58758354187012,-6.78515625,-6.63324213027954,-6.60848569869995,124.655143737793,149.198806762695,148.649978637695,124.655143737793,158.781982421875,153.176940917969,NA,9.78767108917236,11.2579393386841,9.66962051391602,9.19999980926514,9.44153881072998,10.8037748336792,11.0491876602173,563.21484375,563.426086425781,563.412414550781,563.21484375,563.366760253906,563.391540527344,1,30.0960006713867,29.0922718048096,1,34.4958686828613,29.0491123199463,0,0.165532886981964,0.196133762598038,0.173119068145752,0.239999994635582,0.175701647996902,0.190863639116287,0.1958247423172,0.526558339595795,0.526558339595795,0,0.00680272094905376,0.0502215288579464,0.00511322123929858,0,0.00269127264618874,0.00274482904933393,0.0182886719703674,0,0,0,0,0,0,0,0,1,0.691609978675842,0.587262690067291,0.678597509860992,0.600000023841858,0.684352159500122,0.648563861846924,0.610806524753571,0,0.136054426431656,0.165886983275414,0.143170192837715,0.159999996423721,0.137254908680916,0.1568473726511,0.174422174692154,0,0,0.000495037238579243,0,0,0,0.000980296055786312,0.000657865894027054,0.1492919921875,0.299750477075577,0.298935502767563,0.1492919921875,0.259772688150406,0.386352926492691,0.253374546766281,1.1477324962616,1.12012028694153,0.253374546766281,0.969207465648651,1.4831223487854,-0.00942230224609375,0.00228231190703809,-0.000600797939114273,-0.00942230224609375,-0.00239777378737926,0.000264919712208211,0.140103340148926,0.608206868171692,0.810938000679016,0.727138459682465,0.196593895554543,0.639745473861694,0.72948694229126,0.811053574085236
"22",22,"Log_422",46.74004,7.63322,1176557,2614871,NA,"Strandbad","D/E/G","G","water","water",22,-11.5216674804688,-11.8808603286743,-12.0057716369629,-11.5216674804688,-11.5939893722534,-11.9895000457764,324.81201171875,151.378341674805,160.621932983398,324.81201171875,210.461761474609,168.219696044922,NA,NA,11.4120473861694,3.90000009536743,NA,4.75789451599121,8.94190120697021,10.7943000793457,558.478332519531,558.119140625,557.994201660156,558.478332519531,558.406005859375,558.010498046875,16,31.5375995635986,36.8346786499023,16,24.5537185668945,37.4893646240234,0,0,0.0568550266325474,0.00292184087447822,0,0.00730488263070583,0.0282325260341167,0.0378053598105907,0.388092786073685,0.388092786073685,0,0,0.0119056459516287,0,0,0,0.000490148027893156,0.00315775629132986,0,0,0.00319299031980336,0,0,0,0,0,1,0.358276635408401,0.202024698257446,0.254200160503387,0.560000002384186,0.233756244182587,0.200862661004066,0.202184110879898,0,0.188208609819412,0.128387913107872,0.103725343942642,0.200000002980232,0.0807381793856621,0.0962650701403618,0.117275558412075,0,0.453514724969864,0.597633719444275,0.639152646064758,0.239999994635582,0.678200721740723,0.674149572849274,0.639577209949493,0.1361083984375,0.237046867609024,0.124086797237396,0.1361083984375,0.281592488288879,0.129698485136032,0.349694639444351,0.96747088432312,0.520587146282196,0.349694639444351,1.10331892967224,0.55634081363678,0.059417724609375,-0.00132598879281431,-0.000723821576684713,0.059417724609375,0.00172752188518643,-0.000155085901496932,0.0464755110442638,0.808051705360413,0.897275149822235,0.492670595645905,0.0606085583567619,0.55633407831192,1.03232300281525,0.889202237129211
"23",23,"Log_423",46.7316,7.61812,1175616,2613719,NA,"Schoren","8","8","urban","dense urban",23,-8.05657958984375,-8.34279823303223,-8.24326038360596,-8.05657958984375,-8.18775081634521,-8.15457630157471,151.708053588867,176.814834594727,165.091171264648,151.708053588867,136.374160766602,155.924911499023,NA,12.9743118286133,15.7177543640137,14.0799541473389,NA,14.8088235855103,18.9851379394531,17.4514636993408,561.943420410156,561.6572265625,561.756713867188,561.943420410156,561.812255859375,561.845397949219,4,34.2000007629395,29.6143798828125,4,30.7520656585693,29.3434963226318,0,0.283446699380875,0.190713107585907,0.332359373569489,0.159999996423721,0.333333343267441,0.270757764577866,0.221174508333206,0.523296773433685,0.523296773433685,0,0,0.245563223958015,0,0,0.0157631672918797,0.119400061666965,0.16718564927578,0,0,0.000717804010491818,0,0,0,0,0,0,0.0680272132158279,0.30717059969902,0.0825420022010803,0,0.0861207246780396,0.232526227831841,0.290294289588928,1,0.648526072502136,0.255587726831436,0.585098624229431,0.839999973773956,0.564782798290253,0.377217918634415,0.321038544178009,0,0,0.000247518619289622,0,0,0,9.80296026682481e-05,0.000307004083879292,0.42083740234375,0.510008811950684,0.460587471723557,0.42083740234375,0.490839183330536,0.455674707889557,2.00110626220703,1.98549401760101,1.7788017988205,2.00110626220703,1.91255009174347,1.77257013320923,0.012725830078125,0.000602355983573943,8.8414155470673e-05,0.012725830078125,0.00948277022689581,-0.000143410332384519,0.114878319203854,0.245288774371147,0.666310012340546,0.220475420355797,0.295475214719772,0.232617512345314,0.499846816062927,0.590701639652252
"24",24,"Log_424",46.7309,7.60847,1175537,2612982,NA,"Buchholz","9","9","urban","rural",24,-4.47076416015625,-4.75590467453003,-4.84215068817139,-4.47076416015625,-4.69466924667358,-4.38876962661743,346.271759033203,156.987594604492,151.662612915039,346.271759033203,190.129257202148,145.854400634766,NA,10.6644449234009,11.5409889221191,9.68294620513916,NA,9.44207668304443,8.74672412872314,9.62357330322266,565.529235839844,565.244079589844,565.157836914062,565.529235839844,565.305358886719,565.611206054688,32,23.6688003540039,25.0023059844971,32,28.859504699707,22.9957847595215,0,0.102040819823742,0.0336625315248966,0.0942293629050255,0,0.0703575536608696,0.0344083905220032,0.0292531028389931,0.666265666484833,0.666265666484833,0,0.546485245227814,0.587683498859406,0.490869253873825,0.479999989271164,0.511726260185242,0.709636330604553,0.689575016498566,0,0,0.139303475618362,0,0,0,0.0152926184237003,0.0781983211636543,0,0.253968268632889,0.13588772714138,0.338203072547913,0.0799999982118607,0.314109951257706,0.162435054779053,0.114424802362919,1,0.0975056663155556,0.10284399241209,0.075967863202095,0.439999997615814,0.102268360555172,0.0769532397389412,0.0877593085169792,0,0,0.00061879656277597,0.000730460218619555,0,0.00153787003364414,0.0012743849074468,0.000789439072832465,0.34820556640625,0.288864254951477,0.353515625,0.34820556640625,0.297521680593491,0.3972088098526,1.18716645240784,1.12848627567291,1.38477754592896,1.18716645240784,1.14790713787079,1.60457468032837,0.06475830078125,0.0009410644415766,-0.000400462537072599,0.06475830078125,0.00609487760812044,-0.000929270870983601,0.132258668541908,0.48232239484787,3.99554538726807,0.480670839548111,0.190839603543282,0.467886686325073,1.00170791149139,2.58321499824524
"25",25,"Log_425",46.71913,7.62173,1174231,2613998,NA,"Gwatt","6","6","rural","green urban",25,29.2504272460938,29.513277053833,28.3603038787842,29.2504272460938,29.4983158111572,27.4735794067383,14.5226345062256,71.0237731933594,63.1014671325684,14.5226345062256,51.6971664428711,79.8949813842773,NA,10.0085716247559,11.0245056152344,9.47187519073486,10.1999998092651,9.49327182769775,9.35410690307617,9.69481086730957,599.250427246094,599.513305664062,598.360290527344,599.250427246094,599.498291015625,597.473571777344,64,89.4848022460938,97.5440216064453,64,89.7272720336914,85.1394958496094,0,0.158730164170265,0.0677953511476517,0.140248358249664,0.0399999991059303,0.125720873475075,0.0890108793973923,0.0721459612250328,0.730802655220032,0.730802655220032,0,0.176870748400688,0.439073294401169,0.275383502244949,0,0.2845059633255,0.357415944337845,0.437349230051041,0,0,0.161481156945229,0,0,0.00922721996903419,0.101362608373165,0.140388578176498,0,0.517006814479828,0.179252982139587,0.470416367053986,0.560000002384186,0.466743558645248,0.317027747631073,0.225297138094902,1,0.14739228785038,0.116284251213074,0.113951787352562,0.400000005960464,0.113033451139927,0.134398594498634,0.119249157607555,0,0,0.0361129678785801,0,0,0.00076893501682207,0.000784236821345985,0.0055699311196804,4.212890625,3.04499888420105,2.89620590209961,4.212890625,2.88002800941467,2.65896844863892,19.1822338104248,12.4958000183105,11.8063278198242,19.1822338104248,12.071457862854,10.7383642196655,-0.227783203125,0.00633603520691395,0.00229574367403984,-0.227783203125,-0.0232003573328257,0.000421900069341063,0.020077295601368,0.43725660443306,4.09335136413574,0.485175281763077,0.109610952436924,0.926972091197968,2.67586898803711,3.64409518241882
"26",26,"Log_426",46.76323,7.6639,1179141,2617208,NA,"Goldiwil","2","2","urban","rural",26,374.255615234375,374.689910888672,375.547332763672,374.255615234375,374.386291503906,380.119873046875,162.089965820312,170.182113647461,180.119338989258,162.089965820312,174.802993774414,194.205978393555,NA,14.7924995422363,9.95468044281006,11.9703884124756,NA,10.6803922653198,9.94188976287842,9.99391174316406,944.255615234375,944.689880371094,945.54736328125,944.255615234375,944.386291503906,950.119873046875,4,4.26240015029907,4.52748966217041,4,4.68595027923584,9.11283206939697,0,0.183673471212387,0.0336625315248966,0.156318485736847,0,0.142637446522713,0.0781295970082283,0.0481557808816433,0.750460684299469,0.750460684299469,1,0.0158730167895555,0.55622386932373,0.074506938457489,0.159999996423721,0.137254908680916,0.349377512931824,0.470549523830414,0,0,0.226355776190758,0.00657414179295301,0,0.0346020758152008,0.165670037269592,0.220121920108795,0,0.623582780361176,0.138907447457314,0.612125635147095,0.119999997317791,0.55440217256546,0.332320362329483,0.204552426934242,0,0.176870748400688,0.0418058969080448,0.149013876914978,0.720000028610229,0.130334481596947,0.0721497908234596,0.0544274374842644,0,0,0.00304447906091809,0.00146092043723911,0,0.00076893501682207,0.00235271058045328,0.00219288631342351,1.02264404296875,3.05796504020691,3.36624622344971,1.02264404296875,2.16306567192078,3.82846069335938,4.61316394805908,13.4418849945068,14.943639755249,4.61316394805908,9.38088798522949,16.4213180541992,-0.0243606567382812,0.012412085197866,-0.00671878922730684,-0.0243606567382812,0.0055650444701314,0.00497604440897703,0.026432640850544,0.69604104757309,5.47750663757324,1.07099890708923,0.319465458393097,1.54852616786957,3.53748679161072,4.92032623291016
"27",27,"Log_427",46.76287,7.61278,1179091,2613303,NA,"Uttigenstrasse","8","8","urban","dense urban",27,-12.5336303710938,-14.8519268035889,-14.3764305114746,-12.5336303710938,-13.0815944671631,-13.1937274932861,9.55684089660645,151.650329589844,144.583267211914,9.55684089660645,114.29061126709,151.268325805664,NA,9.79021739959717,15.7860612869263,11.894721031189,11.6999998092651,12.6406297683716,14.3814115524292,13.706639289856,557.466369628906,555.148071289062,555.623596191406,557.466369628906,556.918395996094,556.806274414062,64,52.8800010681152,47.1614761352539,64,69.0413208007812,41.6066055297852,0,0.208616778254509,0.226949825882912,0.249086931347847,0.400000005960464,0.244136869907379,0.303597688674927,0.250778466463089,0.330811470746994,0.330811470746994,0,0.0136054418981075,0.0788346827030182,0.0766983181238174,0,0.092656672000885,0.0647975653409958,0.0629358366131783,0,0.0226757377386093,0.00274745677597821,0.0248356461524963,0,0.0180699732154608,0.00509753962978721,0.00385947991162539,0,0.0907029509544373,0.142323210835457,0.0518626719713211,0,0.0480584390461445,0.0532300770282745,0.101925350725651,1,0.478458046913147,0.507314205169678,0.416362315416336,0.600000023841858,0.457900822162628,0.499264776706696,0.528397858142853,0,0.1859410405159,0.0418306477367878,0.181154131889343,0,0.139177232980728,0.074012354016304,0.052102979272604,0.0908203125,1.52608919143677,1.21548545360565,0.0908203125,1.23425042629242,0.731376588344574,0.383346527814865,6.00479936599731,4.8330192565918,0.383346527814865,4.83309125900269,2.97050809860229,0.0074920654296875,-0.00406401371583343,-0.00200200476683676,0.0074920654296875,0.0721129775047302,-0.000161291274707764,0,1.36448681354523,1.00979125499725,1.4974627494812,0.110504321753979,1.47591197490692,0.99749344587326,1.14057815074921
"28",28,"Log_428",46.7577,7.61767,1178518,2613678,NA,"Expo","08. Feb","2","urban","dense urban",28,-10.2531127929688,-10.4393014907837,-10.3253126144409,-10.2531127929688,-10.4527158737183,-10.0697689056396,79.0365524291992,135.343292236328,144.430374145508,79.0365524291992,144.587844848633,161.174377441406,NA,11.9116439819336,15.0709772109985,12.4644346237183,NA,13.0859041213989,15.4929056167603,15.2003488540649,559.746887207031,559.560668945312,559.674682617188,559.746887207031,559.547302246094,559.930236816406,128,47.6208000183105,42.8562088012695,128,41.6694221496582,39.5033836364746,0,0.331065773963928,0.219722285866737,0.349159955978394,0,0.346405237913132,0.281835108995438,0.260514885187149,0.382735252380371,0.382735252380371,0,0,0.0334150157868862,0.002191380597651,0,0.00307574006728828,0.00303891766816378,0.0032454717438668,0,0,0.000693052134010941,0,0,0,0,0,0,0.0884353742003441,0.329868078231812,0.108838565647602,0,0.170319110155106,0.291442006826401,0.320950835943222,1,0.580498874187469,0.374718457460403,0.539810061454773,1,0.480199933052063,0.423291832208633,0.415113359689713,0,0,0.0415831282734871,0,0,0,0.000392118410672992,0.000175430905073881,0.27337646484375,0.240944921970367,0.309663146734238,0.27337646484375,0.190233469009399,0.30489981174469,0.912881076335907,0.980877280235291,1.26015937328339,0.912881076335907,0.754959583282471,1.21722805500031,0.134765625,0.00198652339167893,4.11858236475382e-05,0.134765625,-0.00173275533597916,0.000230732155614533,0,0.206708416342735,1.01727163791656,0.350524336099625,0.000511801743414253,0.510821402072906,0.735392272472382,0.710919797420502
"29",29,"Log_429",46.7517,7.61156,1177850,2613213,NA,"Schönau/Westquartier","5","5","urban","green urban",29,-5.29620361328125,-5.28866529464722,-5.36381721496582,-5.29620361328125,-5.30229949951172,-5.39043760299683,99.4927825927734,140.26513671875,145.830505371094,99.4927825927734,156.337875366211,151.118637084961,NA,11.2444438934326,11.8008003234863,11.8813638687134,12,12.5962476730347,12.1240320205688,12.4219484329224,564.703796386719,564.711364746094,564.636169433594,564.703796386719,564.697692871094,564.609558105469,1,37.396800994873,39.7731628417969,1,20.2975215911865,40.2857551574707,0,0.16326530277729,0.117200069129467,0.160701245069504,0.0799999982118607,0.174163788557053,0.146946370601654,0.13600280880928,0.591410875320435,0.591410875320435,0,0,0.310833901166916,0,0,0.000384467508411035,0.14057445526123,0.241173639893532,0,0,0,0,0,0,0,0,1,0.764172315597534,0.386252820491791,0.72680789232254,0.720000028610229,0.694348335266113,0.551024436950684,0.442963033914566,0,0.0725623592734337,0.185589462518692,0.112490870058537,0.200000002980232,0.131103426218033,0.161454752087593,0.179860532283783,0,0,0.000123759309644811,0,0,0,0,0,0.250732421875,0.259734362363815,0.317185699939728,0.250732421875,0.218881145119667,0.311529517173767,1.13533270359039,1.03593015670776,1.26007902622223,1.13533270359039,0.879703104496002,1.23303782939911,0.0411224365234375,0.00185159908141941,-0.000104552920674905,0.0411224365234375,-0.000342250859830528,5.89051205679425e-06,0.639791488647461,0.608567833900452,1.01863086223602,0.893988728523254,0.4707952439785,0.949072957038879,1.22039330005646,0.988389551639557
"30",30,"Log_430",46.74637,7.6099,1177257,2613087,NA,"Sportcluster","D","D","rural","low green",30,-3.23638916015625,-3.27115678787231,-3.25502562522888,-3.23638916015625,-3.33644151687622,-3.13739085197449,34.1023826599121,134.698532104492,139.984924316406,34.1023826599121,149.416595458984,150.192443847656,NA,NA,14.9483013153076,4.13636350631714,NA,4.125,16.0891017913818,16.3628273010254,566.763610839844,566.728820800781,566.744995117188,566.763610839844,566.66357421875,566.862609863281,64,39.5744018554688,35.0338325500488,64,38.7685966491699,38.1621398925781,0,0,0.11383381485939,0.00803506188094616,0,0.00615148013457656,0.0517596304416656,0.0938993915915489,0.661679446697235,0.661679446697235,1,0.764172315597534,0.44894927740097,0.752373993396759,0.800000011920929,0.732795059680939,0.535143613815308,0.475505471229553,0,0,0,0,0,0,0,0,0,0.235827669501305,0.250686854124069,0.197224244475365,0.200000002980232,0.177239522337914,0.202333107590675,0.210692510008812,0,0,0.186010241508484,0.0416362322866917,0,0.0822760462760925,0.209783360362053,0.219157055020332,0,0,0.000519789115060121,0.000730460218619555,0,0.00153787003364414,0.000980296055786312,0.000745581346563995,0.21368408203125,0.173923537135124,0.196995317935944,0.21368408203125,0.133695244789124,0.348259717226028,0.818738460540771,0.715566337108612,0.803608119487762,0.818738460540771,0.551315248012543,1.40919327735901,0.04486083984375,0.00098006590269506,0.000283270230283961,0.04486083984375,-0.00284633156843483,0.000213024715776555,0.090702123939991,0.137904033064842,0.891647458076477,0.153601557016373,0.162476122379303,0.676290571689606,1.05206084251404,0.94147515296936
"31",31,"Log_431",46.74939,7.63001,1177596,2614623,NA,"Seefeld","6","6","urban","green urban",31,-10.9456787109375,-10.963529586792,-10.9458627700806,-10.9456787109375,-10.8706674575806,-10.7436075210571,332.556091308594,149.455078125,160.941848754883,332.556091308594,133.212814331055,169.147827148438,NA,12.5861110687256,12.0215148925781,12.2644166946411,0,12.4370546340942,12.1674842834473,12.111517906189,559.054321289062,559.036499023438,559.054138183594,559.054321289062,559.129333496094,559.256408691406,2,25.92799949646,26.3068046569824,2,22.140495300293,27.9641208648682,0,0.0816326513886452,0.143560796976089,0.120525933802128,0.0399999991059303,0.16801230609417,0.154690712690353,0.156133502721786,0.582326769828796,0.582326769828796,0,0,0.0185143928974867,0,0,0,0.00519556924700737,0.0121924476698041,0,0,0.00834137760102749,0,0,0,0,0,0,0.786848068237305,0.476522862911224,0.67494523525238,0.400000005960464,0.645520925521851,0.528771698474884,0.497478187084198,1,0.13151927292347,0.248360186815262,0.203798398375511,0.560000002384186,0.18531334400177,0.310165673494339,0.299153536558151,0,0,0.10470037907362,0.000730460218619555,0,0.00115340249612927,0.00117635529022664,0.0350423231720924,0.060302734375,0.288230091333389,0.405705749988556,0.060302734375,0.286835968494415,0.368270844221115,0.163136795163155,1.12448620796204,1.58509457111359,0.163136795163155,1.16359972953796,1.43138766288757,0.0161056518554688,0.0015040161088109,-0.000808217155281454,0.0161056518554688,0.00703285168856382,7.12702603777871e-05,1.21790146827698,2.4136118888855,1.72238779067993,2.37933945655823,1.9745489358902,2.21588921546936,1.73957324028015,1.50480854511261
"32",32,"Log_432",46.78555,7.63076,1181616,2614671,NA,"Flühli","6","6","urban","green urban",32,65.9409790039062,66.294807434082,65.7399749755859,65.9409790039062,66.1206283569336,66.3520278930664,160.532791137695,154.9951171875,152.243255615234,160.532791137695,177.72412109375,157.489135742188,NA,9.92815494537354,9.69504261016846,8.60912036895752,NA,9.43838977813721,8.99635696411133,9.26964664459229,635.940979003906,636.294799804688,635.739990234375,635.940979003906,636.12060546875,636.35205078125,4,10.9295997619629,13.3064203262329,4,6.98347091674805,14.7080678939819,0,0.233560085296631,0.0889086872339249,0.224251285195351,0,0.208765864372253,0.153906479477882,0.115433536469936,0.654988765716553,0.654988765716553,1,0.0385487526655197,0.458305478096008,0.0270270276814699,0.0799999982118607,0.0576701276004314,0.250661700963974,0.374983549118042,0,0,0.0808395817875862,0.00292184087447822,0,0.0203767772763968,0.0108812861144543,0.0431121438741684,0,0.471655339002609,0.280067324638367,0.525931358337402,0,0.538639008998871,0.460837185382843,0.360071927309036,0,0.256235837936401,0.0893542245030403,0.219868510961533,0.920000016689301,0.171856984496117,0.119596116244793,0.103109516203403,0,0,0.00252469000406563,0,0,0.00269127264618874,0.00411724345758557,0.00328932935371995,0.43768310546875,0.819053530693054,1.22077560424805,0.43768310546875,0.795383930206299,1.99788320064545,1.91142284870148,3.48015904426575,5.12572145462036,1.91142284870148,3.32528233528137,8.46371459960938,-0.00627899169921875,0.00121667480561882,-0.00554046593606472,-0.00627899169921875,-0.0111607322469354,-0.00455820234492421,1.95476078987122,0.467297613620758,2.08765029907227,0.58394992351532,0.689322769641876,1.08652710914612,0.96948915719986,1.56079542636871
"33",33,"Log_433",46.77786,7.63956,1180763,2615345,NA,"Zelgmatt","6","6","urban","green urban",33,19.63818359375,19.4901943206787,18.8972034454346,19.63818359375,19.6476936340332,19.9393291473389,198.91374206543,233.896850585938,233.443084716797,198.91374206543,217.26838684082,234.676513671875,NA,8.98548412322998,10.6789321899414,8.64358997344971,8.80000019073486,9.16593742370605,10.6399726867676,10.659646987915,589.63818359375,589.490173339844,588.897216796875,589.63818359375,589.647705078125,589.939331054688,8,15.1951999664307,18.7697048187256,8,10.6611566543579,23.795804977417,0,0.138321995735168,0.101705402135849,0.11322133243084,0.0799999982118607,0.122645139694214,0.0716596394777298,0.0821893811225891,0.691086947917938,0.691086947917938,0,0.0022675737272948,0.401648461818695,0.162162154912949,0,0.200692042708397,0.512988924980164,0.499758780002594,0,0,0.0485879071056843,0,0,0.0042291427962482,0.0120576415210962,0.0123678790405393,1,0.732426285743713,0.274250626564026,0.57706356048584,0.680000007152557,0.503268003463745,0.244289770722389,0.253190636634827,0,0.126984134316444,0.140466824173927,0.146092042326927,0.239999994635582,0.126874282956123,0.104009412229061,0.110258318483829,0,0,0.033340759575367,0.00146092043723911,0,0.0422914251685143,0.0549946092069149,0.0422349907457829,0.782470703125,0.472135066986084,0.562472820281982,0.782470703125,0.56908118724823,0.741071105003357,3.18608689308167,1.90173280239105,2.3093569278717,3.18608689308167,2.20913887023926,3.12006115913391,0.0793304443359375,0.00406789546832442,-0.0017971022753045,0.0793304443359375,0.00167001772206277,-0.00290276668965816,0.171213567256927,0.558764934539795,1.82247984409332,0.544937133789062,0.261681973934174,0.64474481344223,0.981757581233978,1.01497805118561
"34",34,"Log_434",46.77766,7.63401,1180739,2614921,NA,"Unterdorfstrasse","5","5","urban","green urban",34,13.0701904296875,12.7546033859253,13.0113153457642,13.0701904296875,12.8878192901611,14.488977432251,291.052001953125,258.831909179688,226.019592285156,291.052001953125,255.156021118164,215.038543701172,NA,NA,11.03342628479,13.1999998092651,NA,12.8304004669189,11.6794567108154,11.5849876403809,583.070190429688,582.754577636719,583.011291503906,583.070190429688,582.887817382812,584.488952636719,16,23.2639999389648,21.0891971588135,16,24.5454540252686,20.6698360443115,0,0.358276635408401,0.149278476834297,0.251278311014175,0.280000001192093,0.220684349536896,0.193314373493195,0.156265079975128,0.565139055252075,0.565139055252075,0,0.00907029490917921,0.209994807839394,0.0460189916193485,0,0.0595924630761147,0.0859719663858414,0.201833248138428,0,0,0.00405930541455746,0,0,0,0,0,0,0.321995466947556,0.414098650217056,0.249817386269569,0.400000005960464,0.301422536373138,0.39662778377533,0.384763836860657,1,0.306122452020645,0.193312048912048,0.390796214342117,0.319999992847443,0.346405237913132,0.280070573091507,0.222972676157951,0,0.00453514745458961,0.0292567014694214,0.0620891153812408,0,0.0718954280018806,0.0440152920782566,0.0341651700437069,0.535400390625,0.597802758216858,0.979665338993073,0.535400390625,0.486175775527954,0.858525454998016,2.38182187080383,2.43337202072144,4.07068681716919,2.38182187080383,1.89391255378723,3.59200501441956,0.0553131103515625,0.000185693352250382,-0.00450989603996277,0.0553131103515625,-0.000311985495500267,-0.00172544654924423,0.0361159406602383,0.776635229587555,1.09817552566528,1.07152390480042,0.369286984205246,1.21328413486481,1.19610989093781,1.07728958129883
"35",35,"Log_435",46.77383,7.62668,1180312,2614362,NA,"Sägeweg","6","6","urban","green urban",35,3.5113525390625,3.56755042076111,3.25422477722168,3.5113525390625,3.56297326087952,3.37077236175537,255.784454345703,237.771820068359,239.773666381836,255.784454345703,239.044677734375,227.202926635742,NA,8.77624988555908,11.2457857131958,8.78167915344238,7.5,8.94663715362549,10.3951950073242,10.6484975814819,573.511352539062,573.567565917969,573.254211425781,573.511352539062,573.56298828125,573.370788574219,16,16.9888000488281,20.4152240753174,16,14.7272729873657,18.7205181121826,0,0.181405901908875,0.124229595065117,0.190650105476379,0.0799999982118607,0.171088039875031,0.144495636224747,0.131660893559456,0.608965396881104,0.608965396881104,0,0,0.409767091274261,0.0861942991614342,0,0.0988081470131874,0.238604053854942,0.351563513278961,0,0,0,0,0,0,0,0,0,0.721088409423828,0.275092214345932,0.565376162528992,0.600000023841858,0.499038845300674,0.350749939680099,0.297925531864166,1,0.0975056663155556,0.164278104901314,0.119065009057522,0.319999992847443,0.15801614522934,0.215273007750511,0.18341301381588,0,0,0.0266330037266016,0.0387143902480602,0,0.0730488300323486,0.0508773662149906,0.0354370437562466,0.34429931640625,0.367235749959946,0.685539901256561,0.34429931640625,0.325425326824188,0.6155024766922,1.23980247974396,1.44387269020081,2.84878659248352,1.23980247974396,1.22613632678986,2.54983234405518,-0.0558319091796875,0.00074230955215171,8.74109787218913e-07,-0.0558319091796875,-0.00287558813579381,0.000123130099382252,0.421001046895981,0.859011054039001,0.761036932468414,1.25139474868774,0.754930377006531,1.47589135169983,1.16886126995087,0.882510900497437
"36",36,"Log_436",46.77195,7.61591,1180102,2613540,NA,"Burgergut","5","5","urban","green urban",36,-7.1820068359375,-7.27122688293457,-7.57589864730835,-7.1820068359375,-7.1733775138855,-7.97567844390869,93.8669204711914,195.077529907227,213.323348999023,93.8669204711914,155.247772216797,215.73796081543,NA,24.6148929595947,10.9055814743042,16.2723083496094,NA,13.1413640975952,11.9248952865601,11.0261716842651,562.817993164062,562.728759765625,562.424072265625,562.817993164062,562.826599121094,562.024291992188,1,23.3439998626709,21.5624752044678,1,33.9917373657227,22.3608474731445,0,0.115646257996559,0.101235121488571,0.0956902876496315,0,0.080353707075119,0.0921478271484375,0.0947765484452248,0.553301751613617,0.553301751613617,1,0.133786842226982,0.445954322814941,0.281227171421051,0.519999980926514,0.337946951389313,0.379766702651978,0.430682867765427,0,0,0.00769782904535532,0,0,0,0.00441133230924606,0.00285075209103525,0,0.274376422166824,0.193807080388069,0.207450687885284,0.159999996423721,0.193002685904503,0.165768057107925,0.177886933088303,0,0.471655339002609,0.233459562063217,0.408327251672745,0.319999992847443,0.381776243448257,0.330261737108231,0.270821452140808,0,0.00453514745458961,0.017846092581749,0.00730460183694959,0,0.00692041544243693,0.0276443492621183,0.0229814480990171,1.03070068359375,0.435887485742569,0.556866765022278,1.03070068359375,0.451887637376785,0.775136888027191,4.94372844696045,1.80987775325775,2.31362366676331,4.94372844696045,1.83702039718628,3.34690737724304,0.05316162109375,0.00124898680951446,0.000194163832929917,0.05316162109375,0.00123501615598798,-0.000646502361632884,1.71580636501312,0.6020188331604,0.79818069934845,0.599040687084198,1.13214683532715,0.554330408573151,0.953337430953979,0.76299911737442
"37",37,"Log_437",46.76882,7.6265,1179755,2614350,NA,"Hodelmatte","D","D","rural","low green",37,-0.73590087890625,-0.948180556297302,-0.801788806915283,-0.73590087890625,-0.949820041656494,-0.542213916778564,153.778244018555,183.448135375977,205.127044677734,153.778244018555,204.484466552734,222.340698242188,NA,NA,11.6082210540771,NA,NA,NA,6.58184146881104,10.7217855453491,569.264099121094,569.051818847656,569.198181152344,569.264099121094,569.050170898438,569.457763671875,2,11.4463996887207,9.49019622802734,2,16.876033782959,11.8860893249512,0,0,0.12207618355751,0,0,0,0.0407803170382977,0.0797772035002708,0.638982713222504,0.638982713222504,0,0.843537390232086,0.445979058742523,0.911614298820496,0.439999997615814,0.930026888847351,0.815508306026459,0.612780153751373,0,0,0,0,0,0,0,0,0,0,0.275141716003418,0,0,0,0.0587197318673134,0.172097712755203,1,0.156462579965591,0.155268430709839,0.0883856862783432,0.560000002384186,0.0699730888009071,0.0849916711449623,0.134116917848587,0,0,0.00153461552690715,0,0,0,0,0.00122801633551717,0.3465576171875,0.324220031499863,0.318016409873962,0.3465576171875,0.349093854427338,0.325094968080521,1.31142461299896,1.34942293167114,1.36976957321167,1.31142461299896,1.39066231250763,1.39983785152435,-0.00273895263671875,-0.000148803708725609,-0.0012019801652059,-0.00273895263671875,0.00416621705517173,-0.00032805948285386,0.928154289722443,0.217096209526062,0.513680994510651,0.128599047660828,0.842098355293274,0.0901572704315186,0.183957472443581,0.414801061153412
"38",38,"Log_438",46.76616,7.6223,1179459,2614030,NA,"Schwäbis","05. Jun","6","urban","green urban",38,-5.54278564453125,-5.87001514434814,-6.14197063446045,-5.54278564453125,-5.51312828063965,-6.46942615509033,182.575698852539,191.09162902832,200.531097412109,182.575698852539,190.340133666992,211.931976318359,NA,11.2200002670288,14.2770805358887,11.4831418991089,NA,11.086859703064,12.0428037643433,14.3089580535889,564.457214355469,564.130004882812,563.858032226562,564.457214355469,564.486877441406,563.530578613281,4,11.4448003768921,12.8127641677856,4,7.93388414382935,16.6063137054443,0,0.181405901908875,0.148040890693665,0.200146093964577,0,0.177623987197876,0.158219784498215,0.165080472826958,0.585296154022217,0.585296154022217,0,0.00907029490917921,0.30021533370018,0.00292184087447822,0.0399999991059303,0.0330642051994801,0.143613368272781,0.239507034420967,0,0,0,0,0,0,0,0,0,0.528344690799713,0.290265083312988,0.559532523155212,0.319999992847443,0.535178780555725,0.453975111246109,0.362527966499329,1,0.281179130077362,0.236652553081512,0.237399563193321,0.639999985694885,0.254133015871048,0.244191750884056,0.232884526252747,0,0,0.024826118722558,0,0,0,0,0,0.41778564453125,0.521722435951233,0.477786153554916,0.41778564453125,0.506127715110779,0.466797471046448,2.03989601135254,2.07270336151123,1.90288496017456,2.03989601135254,1.987588763237,1.85946500301361,-0.006256103515625,0.00395900895819068,0.00082248158287257,-0.006256103515625,0.0105674052610993,0.00034091150155291,0.212236449122429,0.89347106218338,0.768528759479523,0.750903606414795,0.659238219261169,0.836752831935883,0.656702041625977,0.544938325881958
