"","X","Log_NR","NORD_CHTOPO","OST_CHTOPO","LV_03_N","LV_03_E","HuM","Location","LCZ_mixed","LCZ","LU_3","LU_7","ID","AC","AC_1000","AC_150","AC_25","AC_250","AC_50","AC_500","AC_750","AD","AD_150","AD_25","AD_250","AD_50","AD_500","ASP","ASP_150","ASP_25","ASP_250","ASP_50","ASP_500","BH","BH_1000","BH_150","BH_25","BH_250","BH_50","BH_500","BH_750","BUL","BUL_1000","BUL_150","BUL_25","BUL_250","BUL_50","BUL_500","BUL_750","DEM","DEM_150","DEM_25","DEM_250","DEM_50","DEM_500","FLAC","FLAC_150","FLAC_25","FLAC_250","FLAC_50","FLAC_500","FO","FO_1000","FO_150","FO_25","FO_250","FO_50","FO_500","FO_750","GA","GA_1000","GA_150","GA_25","GA_250","GA_50","GA_500","GA_750","NDVI","NDVI_1000","NDVI_500","NDVI_750","ROU","ROU_150","ROU_25","ROU_250","ROU_50","ROU_500","SE","SE_1000","SE_150","SE_25","SE_250","SE_50","SE_500","SE_750","SLO","SLO_150","SLO_25","SLO_250","SLO_50","SLO_500","TPI","TPI_150","TPI_25","TPI_250","TPI_50","TPI_500","VH","VH_1000","VH_150","VH_25","VH_250","VH_50","VH_500","VH_750","WA","WA_1000","WA_150","WA_25","WA_250","WA_50","WA_500","WA_750"
"1",1,"Log_401",46.74982,7.58521,1177635.984,2611199.79,NA,"Referenz 3m","D","D","rural","low green",1,1,0.769103527069092,0.825586140155792,0.975511491298676,0.843725979328156,0.877345502376556,0.833712697029114,0.813264071941376,0.04925537109375,0.0247143357992172,0.0439670160412788,-0.0563081838190556,0.0610270835459232,-0.180170193314552,348.359558105469,180.996917724609,134.811416625977,182.458206176758,148.656127929688,181.60417175293,0,0.111249461770058,0.129171833395958,0,0.0966563671827316,0.00186871772166342,0.0432079695165157,0.0626052021980286,0,0.0152018908411264,0.0187974292784929,0,0.0159766115248203,0.000214795145438984,0.0085972910746932,0.0105413850396872,570.049255371094,570.024719238281,570.0439453125,569.943664550781,570.06103515625,569.81982421875,128,41.0335922241211,81.362922668457,40.1548614501953,59.9631271362305,41.6473236083984,0,0.0603078864514828,0,0,0.000428317784098908,0,0.0123571055009961,0.0294895209372044,0,0.0506100729107857,0.0180645603686571,0,0.0193870924413204,0.000323860935168341,0.0258107986301184,0.0371073335409164,0.691694796085358,0.714723467826843,0.699861347675323,0.707922101020813,0.118408203125,0.407263219356537,0.239947482943535,0.477895706892014,0.308583527803421,0.493155688047409,0,0.100767262279987,0.137551888823509,0.0244884882122278,0.12044982612133,0.12211586534977,0.117190197110176,0.105773873627186,0.445856034755707,1.61963427066803,1.01560008525848,1.87869799137115,1.29357612133026,1.94623804092407,0.0122833251953125,0.000365353800589219,-0.00290890643373132,0.000288535753497854,-0.000376666605006903,-1.90778496289568e-06,0.241613909602165,1.43500816822052,0.205635860562325,0.172473534941673,0.341379135847092,0.152261734008789,0.566808938980103,0.878369450569153,0,0.00400935718789697,0,0,3.21498519042507e-05,0,0.0023319199681282,0.00382380257360637
"2",2,"Log_402",46.74982,7.58521,1177635.984,2611199.79,NA,"Referenz 2m","D","D","rural","low green",2,1,0.769103527069092,0.825586140155792,0.975511491298676,0.843725979328156,0.877345502376556,0.833712697029114,0.813264071941376,0.04925537109375,0.0247143357992172,0.0439670160412788,-0.0563081838190556,0.0610270835459232,-0.180170193314552,348.359558105469,180.996917724609,134.811416625977,182.458206176758,148.656127929688,181.60417175293,0,0.111249461770058,0.129171833395958,0,0.0966563671827316,0.00186871772166342,0.0432079695165157,0.0626052021980286,0,0.0152018908411264,0.0187974292784929,0,0.0159766115248203,0.000214795145438984,0.0085972910746932,0.0105413850396872,570.049255371094,570.024719238281,570.0439453125,569.943664550781,570.06103515625,569.81982421875,128,41.0335922241211,81.362922668457,40.1548614501953,59.9631271362305,41.6473236083984,0,0.0603078864514828,0,0,0.000428317784098908,0,0.0123571055009961,0.0294895209372044,0,0.0506100729107857,0.0180645603686571,0,0.0193870924413204,0.000323860935168341,0.0258107986301184,0.0371073335409164,0.691694796085358,0.714723467826843,0.699861347675323,0.707922101020813,0.118408203125,0.407263219356537,0.239947482943535,0.477895706892014,0.308583527803421,0.493155688047409,0,0.100767262279987,0.137551888823509,0.0244884882122278,0.12044982612133,0.12211586534977,0.117190197110176,0.105773873627186,0.445856034755707,1.61963427066803,1.01560008525848,1.87869799137115,1.29357612133026,1.94623804092407,0.0122833251953125,0.000365353800589219,-0.00290890643373132,0.000288535753497854,-0.000376666605006903,-1.90778496289568e-06,0.241613909602165,1.43500816822052,0.205635860562325,0.172473534941673,0.341379135847092,0.152261734008789,0.566808938980103,0.878369450569153,0,0.00400935718789697,0,0,3.21498519042507e-05,0,0.0023319199681282,0.00382380257360637
"3",3,"Log_403",46.75077,7.60025,1177744.305,2612349.203,NA,"Burgerwald","B","B","rural","forest",3,0,0.591655969619751,0.107004143297672,0,0.265995979309082,0,0.483716011047363,0.569957137107849,-1.9005126953125,-1.87495636940002,-1.90797173976898,-1.93354320526123,-1.90127050876617,-1.93703007698059,353.470947265625,150.045135498047,224.430618286133,158.846237182617,170.740127563477,164.34619140625,0,0.225392609834671,9.76776937022805e-05,0,0.00255738641135395,0,0.00981898605823517,0.0794626399874687,0,0.0168265625834465,0.000147526574437506,0,0.00163129530847073,0,0.00250898883678019,0.00685185613110662,568.099487304688,568.125061035156,568.092041015625,568.066467285156,568.098754882812,568.06298828125,64,30.9615039825439,53.0932197570801,33.7361679077148,37.724536895752,39.7914657592773,1,0.0662902668118477,0.508343279361725,0.982287287712097,0.30685618519783,0.855077147483826,0.136892721056938,0.0861463621258736,0,0.189028412103653,0.305019706487656,0.00739321066066623,0.298970758914948,0.109885133802891,0.250138938426971,0.209352508187294,0.751457214355469,0.719449698925018,0.744892358779907,0.733761727809906,0.1376953125,0.502095222473145,0.130238428711891,0.589704930782318,0.214207485318184,0.490309923887253,0,0.132604971528053,0.0794853568077087,0.0103195272386074,0.126545771956444,0.035037700086832,0.126040950417519,0.12497328966856,0.738079190254211,2.08996915817261,0.538123488426208,2.50018000602722,0.855820655822754,2.07665467262268,0.006195068359375,0.00062358845025301,0.000261429348029196,3.99069358536508e-05,-0.000651074340566993,1.7060830941773e-05,20.1185913085938,1.84683847427368,10.1153526306152,19.0278034210205,6.17958498001099,16.7459049224854,3.08460021018982,2.20162200927734,0,0.00359384855255485,0,0,0,0,0.00070239492924884,0.00271883048117161
"4",4,"Log_404",46.74515,7.60521,1177120,2612729,NA,"Stockhorn Arena","8","8","urban","dense urban",4,0,0.456522226333618,0.00256271101534367,0,0.0784436017274857,0,0.372409373521805,0.457828015089035,-0.96795654296875,-1.06142222881317,-0.936520576477051,-1.17158031463623,-0.935579478740692,-1.28785443305969,62.8030815124512,165.621047973633,121.399536132812,168.032745361328,131.987075805664,156.006072998047,0,1.47308313846588,8.55468273162842,0.057038314640522,7.3030686378479,2.39246988296509,3.2828381061554,1.8988219499588,0,0.0912047028541565,0.382934272289276,0.00221589859575033,0.328685432672501,0.100944206118584,0.15183100104332,0.100518383085728,569.032043457031,568.938598632812,569.0634765625,568.828430175781,569.064392089844,568.712158203125,64,34.0220069885254,49.7939186096191,33.2567977905273,45.1700401306152,36.2637825012207,0,0.00598409911617637,0,0,0,0,0,0.00087286566849798,0,0.232643693685532,0.0180994514375925,0.00490351114422083,0.0286600887775421,0.0233240891247988,0.104625321924686,0.182499781250954,0.646519303321838,0.670082569122314,0.666228115558624,0.671751201152802,0.14910888671875,0.257140696048737,0.168325841426849,0.353451699018478,0.250496596097946,0.463941335678101,1,0.208311572670937,0.596279203891754,0.992880582809448,0.563129723072052,0.875731706619263,0.366786479949951,0.252289474010468,0.716130435466766,1.00741040706635,0.677119195461273,1.47613334655762,0.919409036636353,2.010014295578,-0.00730133056640625,0.000607438327278942,-0.0042866263538599,0.00030686441459693,0.00133055343758315,5.60167427465785e-05,0.537251472473145,0.955062925815582,0.0924227982759476,0.200328469276428,0.365398317575455,0.148795947432518,0.70099139213562,0.831575930118561,0,0.00533369230106473,0.000124348836834542,0,0.00108115468174219,0,0.00434782868251204,0.00599147006869316
"5",5,"Log_405",46.75718,7.60421,1178458,2612650,NA,"Thunerallmend","D","D","rural","low green",5,1,0.600417613983154,0.753767549991608,0.735360383987427,0.81943953037262,0.729525923728943,0.82647693157196,0.706011593341827,-6.046630859375,-6.03532552719116,-6.03232860565186,-6.14732599258423,-6.02368259429932,-6.4337215423584,3.07859683036804,110.469566345215,86.7464065551758,128.315612792969,105.586318969727,146.623275756836,0,0.954984784126282,0,0,0,0,0.180616796016693,0.578285098075867,0,0.0615158677101135,0,0,0,0,0.0118738738819957,0.0374828539788723,563.953369140625,563.964660644531,563.967651367188,563.852661132812,563.976318359375,563.566284179688,64,75.3529205322266,85.0989303588867,66.2067031860352,82.5139465332031,54.8047714233398,0,0.00539086759090424,0,0,0,0,0.00074526690877974,0.00192630686797202,0,0.139878943562508,0.246232464909554,0.264639616012573,0.180219694972038,0.270474046468735,0.106257431209087,0.116553045809269,0.781684696674347,0.652805209159851,0.727883338928223,0.68589460849762,0.17138671875,0.147443026304245,0.17485411465168,0.154876604676247,0.169862240552902,0.266198843717575,0,0.192215263843536,0,0,0.000340276077622548,0,0.0545207038521767,0.137864381074905,0.848061800003052,0.639776170253754,0.79406613111496,0.663385212421417,0.755622327327728,1.11107766628265,-0.00817108154296875,0.0005175945116207,-0.00126306677702814,0.000402650388423353,-0.000696791044902056,0.000145625395816751,0.0276056881994009,0.54992264509201,0.0538847930729389,0.0415933430194855,0.0572441965341568,0.0470373556017876,0.209380239248276,0.39541095495224,0,0.000581425207201391,0,0,4.7544776293762e-07,0,0.000125766804558225,0.000161827381816693
"6",6,"Log_406",46.76261,7.60603,1179061,2612788,NA,"KVA Parkplatz","8/E","8","urban","dense urban",6,0,0.160179600119591,0.00877644587308168,0,0.0213066898286343,0,0.0529534816741943,0.108595594763756,-10.3624267578125,-10.6519031524658,-10.3965911865234,-10.6102476119995,-10.434157371521,-10.4480266571045,23.5356025695801,172.390426635742,158.784805297852,172.562683105469,171.675430297852,169.333786010742,0,3.25251626968384,9.58696365356445,0.0213559046387672,9.44541454315186,0.764658212661743,5.85602283477783,4.12867736816406,0,0.191023096442223,0.275017231702805,0.0060384925454855,0.301756948232651,0.0534882955253124,0.251762390136719,0.216210797429085,559.637573242188,559.348083496094,559.603393554688,559.389770507812,559.565856933594,559.552001953125,64,30.7419319152832,36.2243957519531,29.2748832702637,40.2404937744141,33.7484741210938,0,0.0172484815120697,0,0,0.00159197440370917,0,0.007091726642102,0.0100994277745485,0,0.212806031107903,0.0692410320043564,0.0253206361085176,0.0746896117925644,0.0911365523934364,0.133483037352562,0.187949299812317,0.324364483356476,0.47510302066803,0.379094302654266,0.432889461517334,0.11492919921875,0.307456851005554,0.124906331300735,0.381677985191345,0.173576682806015,0.467103213071823,1,0.404956668615341,0.646965265274048,0.968640863895416,0.600654780864716,0.855375170707703,0.554219126701355,0.470044016838074,0.409846603870392,1.34604227542877,0.435854583978653,1.68671238422394,0.686781346797943,1.99043762683868,0.0281295776367188,0.000452443840913475,0.00205079093575478,-0.000394794420571998,0.00385754904709756,4.37380513176322e-05,0,0.99953955411911,0.0945872887969017,0.00304063619114459,0.329608380794525,0.00942277256399393,0.73412424325943,0.880472421646118,0,0.0137861119583249,0,0,0,0,0.000490226608235389,0.00710083870217204
"7",7,"Log_407",46.76181,7.60933,1178973,2613040,NA,"KVA Grünfläche","D/E","D","urban","low green",7,0,0.136456042528152,0.00502824177965522,0,0.0101973405107856,0,0.0423428565263748,0.0910263657569885,-9.9273681640625,-9.79427814483643,-9.87980270385742,-9.93015956878662,-9.80648422241211,-10.4444732666016,127.86107635498,162.922561645508,219.405899047852,152.092590332031,212.630599975586,151.120635986328,0,3.35096979141235,1.17792308330536,0,2.46000647544861,0.0403964892029762,3.8059766292572,3.68415427207947,0,0.204352408647537,0.0977343320846558,0,0.168281450867653,0.00800503510981798,0.21838940680027,0.217040941119194,560.072631835938,560.205749511719,560.120178222656,560.06982421875,560.193542480469,559.555541992188,1,41.2780151367188,31.9567584991455,40.5196990966797,37.2093276977539,38.9310646057129,0,0.00703092850744724,0,0,7.18571100151166e-05,0,0.00340565340593457,0.00535813346505165,1,0.169801995158195,0.285526007413864,0.606124520301819,0.210147306323051,0.510003209114075,0.148280441761017,0.150686949491501,0.332840174436569,0.447371929883957,0.376136749982834,0.413276672363281,0.09716796875,0.253860354423523,0.198071286082268,0.281871795654297,0.259763032197952,0.458756148815155,0,0.457555741071701,0.611711382865906,0.393875479698181,0.611296117305756,0.481991738080978,0.577440023422241,0.514499485492706,0.379044711589813,1.07032144069672,0.796971559524536,1.1917644739151,1.09664511680603,1.92877209186554,-0.0216140747070312,0.000513977138325572,-0.0117911538109183,0.000566632254049182,-0.00291151576675475,0.00034977647010237,0.125298991799355,0.954048335552216,1.64591443538666,2.83346819877625,1.05681240558624,3.00662589073181,0.83921229839325,0.920313000679016,0,0.0248028840869665,0,0,5.89891578783863e-06,0,0.0101415943354368,0.0213881507515907
"8",8,"Log_408",46.76604,7.60234,1179442,2612505,NA,"Lerchenfeld","6","6","urban","green urban",8,0,0.0957653298974037,0,0,6.36225813650526e-05,0,0.0084153488278389,0.0377442501485348,-12.7890014648438,-12.6963109970093,-12.7430782318115,-12.5819959640503,-12.7387647628784,-12.3755874633789,323.692047119141,150.248153686523,206.240295410156,152.627029418945,164.548950195312,158.944076538086,0,2.25701022148132,2.24827218055725,0.539622187614441,1.96708369255066,1.94848144054413,2.46392607688904,2.52618050575256,0,0.162224680185318,0.202900841832161,0.0473177544772625,0.183763846755028,0.1600301861763,0.192016899585724,0.183984324336052,557.210998535156,557.3037109375,557.256896972656,557.418029785156,557.26123046875,557.624389648438,16,38.9012603759766,31.5822448730469,39.9996719360352,31.5277137756348,40.1106910705566,0,0.126151829957962,0.0440473891794682,0,0.0624856986105442,1.01125215223874e-05,0.0521389991044998,0.0961351543664932,0,0.349462777376175,0.639909327030182,0.492115408182144,0.634114861488342,0.579155266284943,0.54690158367157,0.433482885360718,0.49847275018692,0.54290360212326,0.504623532295227,0.522933423519135,0.1856689453125,0.451747268438339,0.236837238073349,0.414171934127808,0.374086171388626,0.396878480911255,1,0.251298427581787,0.112181089818478,0.460566848516464,0.118270963430405,0.260804444551468,0.198285490274429,0.239654943346977,0.547316551208496,1.70000827312469,0.844158709049225,1.56521987915039,1.3732727766037,1.5231751203537,-0.02252197265625,-0.000495534157380462,-0.00275684706866741,-0.000397262716433033,-0.000346234242897481,-5.08022167196032e-05,0.102604202926159,2.33398604393005,1.14820265769958,0.217041820287704,1.51769030094147,0.281093597412109,1.40270793437958,1.96764636039734,0,0.0150969512760639,0.000961343001108617,0,0.00130099488887936,0,0.0022416680585593,0.0089984517544508
"9",9,"Log_409",46.76011,7.62234,1178786,2614034,NA,"Scheibenstrasse","5","5","urban","green urban",9,0,0.0291390419006348,0.0118203544989228,0,0.00906470883637667,0,0.0104700075462461,0.0170746631920338,-11.584716796875,-11.6957530975342,-11.5518083572388,-11.8405389785767,-11.5501356124878,-11.9367151260376,132.371963500977,146.266235351562,138.435440063477,153.565856933594,140.633544921875,166.064483642578,0,4.30844116210938,4.68199586868286,1.40936732292175,4.90692520141602,4.30316781997681,4.561203956604,4.48222827911377,0,0.242001429200172,0.251359879970551,0.088711217045784,0.247942015528679,0.267963856458664,0.234998747706413,0.24205806851387,558.415283203125,558.304260253906,558.448181152344,558.159484863281,558.449890136719,558.063293457031,1,36.0992584228516,11.3992156982422,36.5884552001953,23.9614353179932,33.5927429199219,0,0.00065988878486678,0,0,3.64526349585503e-05,0,0.00058319914387539,0.000582799024414271,0,0.267979145050049,0.278620421886444,0.300582975149155,0.22261056303978,0.332591593265533,0.198106065392494,0.235375568270683,0.367379188537598,0.414662837982178,0.377767473459244,0.393727570772171,0.38470458984375,0.705479502677917,0.256265878677368,0.637710332870483,0.331915318965912,0.55932205915451,1,0.385038316249847,0.457438200712204,0.6107057929039,0.481202900409698,0.399444550275803,0.447712063789368,0.410768628120422,1.70368421077728,2.94331097602844,1.04870867729187,2.64801645278931,1.34007394313812,2.3351743221283,-0.00826263427734375,0.000761716335546225,-0.00531592546030879,0.00053469673730433,0.00206402782350779,-0.00022323960729409,0.0684033185243607,1.06405973434448,0.365830779075623,0.0790920406579971,0.448128938674927,0.217480152845383,1.00115323066711,1.08898758888245,0,0.075182169675827,0.000761113245971501,0,0.0391433387994766,0,0.108129903674126,0.0941402688622475
"10",10,"Log_410",46.76289,7.63818,1179098,2615244,NA,"Lauenenweg","6","6","urban","green urban",10,0,0.14797830581665,0.169301271438599,0.00199219025671482,0.183195725083351,0.0676437616348267,0.189499348402023,0.16429828107357,80.7564086914062,84.0921630859375,81.0022659301758,88.7482986450195,80.8546295166016,101.48021697998,174.373550415039,232.656387329102,183.377655029297,240.074371337891,202.004348754883,243.016708374023,0,1.16015601158142,1.09652650356293,1.38698530197144,0.890316963195801,1.84107077121735,0.879580914974213,1.02682483196259,0,0.0947019010782242,0.124306157231331,0.203906133770943,0.101920507848263,0.198516368865967,0.0929637551307678,0.0944008231163025,650.756408691406,654.092163085938,651.002258300781,658.748291015625,650.854614257812,671.480224609375,4,12.7680311203003,4.17278480529785,13.6780881881714,6.76589107513428,15.0243053436279,0,0.390235483646393,0.114892825484276,0,0.200373485684395,0.00237815408036113,0.295451760292053,0.351731836795807,1,0.269821166992188,0.481385886669159,0.596861839294434,0.419751465320587,0.591939747333527,0.33465576171875,0.299963802099228,0.660273313522339,0.698979735374451,0.688902795314789,0.697618842124939,3.76287841796875,4.31925678253174,4.2325553894043,4.83786535263062,3.90615510940552,5.45991182327271,0,0.0916736498475075,0.0956137180328369,0.19670732319355,0.0864793881773949,0.130926057696342,0.0833578631281853,0.0863533765077591,18.1739673614502,17.4932289123535,18.602165222168,19.4433975219727,16.5752716064453,21.6196975708008,-0.366584777832031,-0.0241698697209358,0.0443445220589638,-0.0171148646622896,-0.0102172372862697,-0.00746027892455459,0.117683470249176,7.99138498306274,4.25799179077148,0.379678726196289,5.39086294174194,1.21179819107056,6.97526836395264,7.66384696960449,0,0.0055894972756505,0.0145001458004117,0.000532510632183403,0.00827942881733179,0.00859593693166971,0.00407150480896235,0.00325188622809947
"11",11,"Log_411",46.76149,7.63146,1178942,2614731,NA,"Spital","05. Feb","2","urban","dense urban",11,0,0.0763344839215279,0.033244363963604,0,0.0404751151800156,0,0.0355837792158127,0.0509442165493965,3.4327392578125,4.76754522323608,3.7662661075592,5.97105264663696,4.00372791290283,8.58729553222656,212.610641479492,233.752334594727,239.734451293945,232.326049804688,249.797454833984,231.632446289062,0,3.82091283798218,7.07580423355103,0.596266031265259,6.56259202957153,2.40405821800232,5.03784990310669,4.37996578216553,0,0.226542383432388,0.267654925584793,0.0297256167978048,0.280658036470413,0.0968851000070572,0.270349264144897,0.252764284610748,573.432739257812,574.767517089844,573.766296386719,575.971069335938,574.003723144531,578.587280273438,16,18.9114952087402,12.9259777069092,21.1219825744629,14.987021446228,21.4653854370117,0,0.0462324060499668,0,0,0,0,0.00033180380705744,0.0127640850841999,0,0.386677622795105,0.299010455608368,0.291243612766266,0.359689921140671,0.29313725233078,0.435532599687576,0.423340082168579,0.475302815437317,0.521685659885406,0.490633875131607,0.504359543323517,1.86956787109375,1.54138243198395,1.53365767002106,1.6509302854538,1.61887955665588,1.83827984333038,1,0.22165147960186,0.400090247392654,0.679030776023865,0.319147825241089,0.609977662563324,0.248544707894325,0.228659018874168,8.24089431762695,6.57068300247192,6.7034273147583,6.97554636001587,6.86007261276245,7.71078968048096,-0.293571472167969,-0.00413338281214237,-0.0165255162864923,-0.00514744501560926,-0.0222880598157644,-0.00127257930580527,0.226516336202621,1.89381301403046,0.929869055747986,0.646010875701904,0.840697050094604,1.10509359836578,0.921089768409729,1.25072920322418,0,0.0425616391003132,0,0,2.91024789476069e-05,0,0.00965784303843975,0.0315283164381981
"12",12,"Log_412",46.75875,7.62995,1178637,2614616,NA,"Innenstadt","2","2","urban","dense urban",12,0,0.0218339283019304,2.96850867016474e-05,0,0.000833104772027582,0,0.0044924751855433,0.0104299196973443,-10.064453125,-4.39186239242554,-9.6593770980835,-3.08051896095276,-8.99652767181396,-4.12665176391602,244.583374023438,209.409881591797,248.973052978516,193.088806152344,241.419387817383,189.052139282227,0,4.75004196166992,8.92072868347168,14.2675142288208,7.46521806716919,16.3865833282471,6.75893354415894,5.7377872467041,0,0.250383734703064,0.417862683534622,0.646773278713226,0.355715721845627,0.733849346637726,0.32426318526268,0.285479515790939,559.935546875,565.608154296875,560.340637207031,566.919494628906,561.003479003906,565.873352050781,16,16.3128128051758,12.9895534515381,23.1731853485107,13.4567079544067,26.4802703857422,0,0.0181746166199446,0,0,0,0,0.000136449976707809,0.00241191987879574,0,0.316124379634857,0.224737554788589,0.000204824187676422,0.248272106051445,0.0410689301788807,0.241667285561562,0.280410796403885,0.358436614274979,0.457833856344223,0.391302168369293,0.424838751554489,1.70294189453125,2.85690546035767,1.7190066576004,2.57257342338562,2.19494152069092,1.78562295436859,1,0.30442088842392,0.245755821466446,0.353021919727325,0.257524639368057,0.222806870937347,0.304532736539841,0.318059295415878,6.78604984283447,11.4439315795898,7.18868684768677,10.3570375442505,8.95395946502686,7.27243757247925,-0.188400268554688,-0.018887696787715,-0.0621537715196609,0.000628772075287998,-0.0639059245586395,-0.000105421313492116,0,1.53871500492096,0.839957356452942,0.00097389635629952,0.967186987400055,0.118396386504173,1.04199683666229,1.17193484306335,0,0.0890624672174454,0.111614279448986,0,0.137654438614845,0.00227484339848161,0.124907866120338,0.103208549320698
"13",13,"Log_413",46.75683,7.63252,1178424,2614813,NA,"Aarequai","G","G","water","water",13,0,0.0200219620019197,3.68562796211336e-05,0,0.00128138915169984,0,0.00622867420315742,0.0133885489776731,-12.4237060546875,-11.2785606384277,-12.284478187561,-9.78016757965088,-12.1463136672974,-5.28129911422729,68.710563659668,183.692779541016,91.6753387451172,191.124465942383,143.576370239258,194.284881591797,0,3.55068612098694,3.55652213096619,0,4.41391372680664,0.358661264181137,4.3411750793457,3.95071721076965,0,0.195978850126266,0.163779556751251,0,0.216934368014336,0.0130748841911554,0.224090173840523,0.210495144128799,557.576293945312,558.721435546875,557.715515136719,560.219848632812,557.853698730469,564.718688964844,4,26.0001220703125,35.5520896911621,23.7386703491211,30.6613426208496,23.0498352050781,0,0.0646305233240128,0,0,5.56749000679702e-05,0,0.00421669986099005,0.0278274212032557,0,0.331868439912796,0.169738858938217,0.000539592991117388,0.243174105882645,0.0393620803952217,0.313849598169327,0.32696595788002,0.432732313871384,0.506240665912628,0.460620880126953,0.483713239431381,0.16436767578125,0.939719021320343,0.668981671333313,1.03646898269653,0.892005264759064,1.27198648452759,1,0.270229548215866,0.220801115036011,0.176478892564774,0.250000715255737,0.198092132806778,0.277651786804199,0.281224548816681,0.279797405004501,3.98179626464844,2.54418301582336,4.38448715209961,3.71842527389526,5.33439302444458,0.0030975341796875,-0.00702037243172526,-0.0246434211730957,-0.00597778800874949,-0.00928326696157455,-0.00318707549013197,0.00347946770489216,2.69946789741516,1.46126985549927,0.634932219982147,1.47394740581512,1.24916577339172,1.62187469005585,2.05526399612427,0,0.117270655930042,0.445643603801727,0.822981536388397,0.288553774356842,0.749470889568329,0.173963069915771,0.140098363161087
"14",14,"Log_414",46.75517,7.62994,1178239,2614616,NA,"Busbahnhof","E/2","E","urban","dense urban",14,0,0.0103113735094666,0.00256607821211219,0,0.00819049030542374,0,0.00745617318898439,0.00767911085858941,-10.2991943359375,-10.5869569778442,-10.2816705703735,-10.8907785415649,-10.2910766601562,-10.8564262390137,41.7230339050293,165.264831542969,84.4700164794922,164.474746704102,154.78076171875,167.453109741211,0,3.54798889160156,5.70356273651123,0.00844600703567266,5.29033613204956,1.03996825218201,4.26763010025024,3.86263060569763,0,0.196059256792068,0.247322767972946,0.000385662424378097,0.241021946072578,0.0455943718552589,0.211564257740974,0.202382445335388,559.700805664062,559.413024902344,559.718322753906,559.109191894531,559.708923339844,559.1435546875,64,42.7846260070801,77.1387634277344,37.8663787841797,58.1598205566406,33.7992057800293,0,0.0206536427140236,0,0,0,0,0.00235291174612939,0.00713693862780929,0,0.328111827373505,0.0963122323155403,0.00450811395421624,0.12428455799818,0.0775355324149132,0.209195852279663,0.280447959899902,0.397371411323547,0.481801748275757,0.431307882070541,0.458656519651413,0.48687744140625,0.364841759204865,0.334436565637589,0.485305547714233,0.252979695796967,0.57685124874115,1,0.330202966928482,0.650293588638306,0.995106220245361,0.593946278095245,0.876870095729828,0.456198364496231,0.376876711845398,2.1511173248291,1.46466469764709,1.30913019180298,1.96594679355621,0.978844881057739,2.35468649864197,0.0070343017578125,0.0019983823876828,-0.00321979611180723,0.000817658903542906,0.00274953665211797,-0.000609573733527213,0,1.88946676254272,0.334819793701172,0.000343890831572935,0.720862507820129,0.0501216575503349,1.3538738489151,1.6218466758728,0,0.114660926163197,0.00350535428151488,0,0.032556738704443,0,0.11323244869709,0.125476822257042
"15",15,"Log_415",46.75273,7.63179,1177968,2614758,NA,"Gleisfeld","E","E","urban","dense urban",15,0,0.0135352984070778,0.001184320775792,0,0.00507575133815408,0,0.00928723998367786,0.0104750171303749,-10.0972900390625,-10.9069004058838,-10.3266105651855,-11.1171808242798,-10.3799524307251,-10.9803152084351,233.772033691406,154.554763793945,191.637741088867,154.735336303711,179.045394897461,164.301879882812,0,2.20401835441589,0.870786488056183,0,1.22985935211182,0.00114516029134393,1.65603077411652,2.02218174934387,0,0.141745671629906,0.0502706058323383,0,0.0770141184329987,6.23183877905831e-05,0.105249509215355,0.127919971942902,559.902709960938,559.093078613281,559.673400878906,558.8828125,559.620056152344,559.019714355469,16,29.0406589508057,12.6705341339111,30.9077663421631,16.1915969848633,30.1930751800537,0,0.0384828299283981,1.97311024408009e-07,0,0.00306116347201169,0,0.00941035710275173,0.0198705159127712,0,0.363887250423431,0.107880190014839,0,0.21203401684761,0.000706143095158041,0.297106832265854,0.331584602594376,0.4758420586586,0.532411396503448,0.501599192619324,0.519338726997375,0.4376220703125,0.455837190151215,0.389421939849854,0.434549748897552,0.343386173248291,0.445853620767593,1,0.293408691883087,0.76024454832077,1,0.562994599342346,0.999225616455078,0.385406047105789,0.330138206481934,0.791225969791412,1.72423303127289,1.32212734222412,1.6887024641037,1.19860208034515,1.78746545314789,0.208236694335938,0.00215525412932038,0.00673627573996782,0.00034264728310518,0.00574713433161378,-0.000713555724360049,0,2.47899770736694,0.816526651382446,0.000583141518291086,1.46902787685394,0.0647184476256371,2.20489811897278,2.28398537635803,0,0.148940250277519,0.0804201066493988,0,0.139820337295532,5.94289667787962e-06,0.193540006875992,0.180011659860611
"16",16,"Log_416",46.7496,7.63395,1177620,2614924,NA,"ESP Thun Bahnhof","E","E","urban","dense urban",16,0,0.0241874251514673,0.0218858271837234,0.000637530989479274,0.024432672187686,0.00649956706911325,0.0222056079655886,0.0220648553222418,-10.5960693359375,-10.7569713592529,-10.6317853927612,-11.0763053894043,-10.6611166000366,-10.8142976760864,114.419624328613,186.192626953125,190.307357788086,179.508193969727,202.733032226562,180.34521484375,0,1.36083924770355,0.407658398151398,0.372099369764328,0.777220785617828,0.553538143634796,1.20185601711273,1.26586306095123,0,0.109641022980213,0.047774650156498,0.0600160323083401,0.0675157904624939,0.0883709862828255,0.0952668860554695,0.102573022246361,559.403930664062,559.243041992188,559.368225097656,558.923706054688,559.3388671875,559.185729980469,1,27.9181957244873,22.6110610961914,27.8936309814453,24.6932945251465,27.5167217254639,0,0.0455745384097099,0,0,0,0,0.00226240023039281,0.0215321518480778,0,0.399095296859741,0.120695017278194,7.08232983015478e-06,0.124967277050018,0.0295718349516392,0.283846646547318,0.374405920505524,0.499113976955414,0.567324161529541,0.54710465669632,0.563223242759705,0.08740234375,0.565897524356842,0.129106625914574,0.440675586462021,0.332165062427521,0.476193636655807,1,0.239568144083023,0.752616941928864,0.939339339733124,0.608738601207733,0.875557601451874,0.376557409763336,0.28395801782608,0.272586762905121,2.23095750808716,0.482651382684708,1.75944209098816,1.28899359703064,1.92713737487793,0.0172805786132812,0.00208798120729625,0.00924266688525677,0.000753609696403146,-0.00342906266450882,-0.000972463225480169,0,2.57525897026062,0.658302426338196,0.854216814041138,0.658715009689331,1.28708684444427,1.31580972671509,2.07159352302551,0,0.18193356692791,0.0570275858044624,0,0.174345672130585,0,0.219861060380936,0.19546602666378
"17",17,"Log_417",46.74835,7.64059,1177483,2615432,NA,"Bächihölzli","A","A","rural","forest",17,0,0.0389968976378441,0.0862572938203812,0,0.0820829272270203,0.00391678046435118,0.0570893511176109,0.0430534519255161,11.4537353515625,8.81961441040039,11.243465423584,7.37808132171631,10.5576496124268,7.08300685882568,240.918701171875,246.55354309082,258.244964599609,229.067260742188,275.733642578125,213.817352294922,0,0.989245176315308,0.343163967132568,0,0.754646599292755,0.00156133947893977,1.01417088508606,1.02789616584778,0,0.0953876227140427,0.0359367392957211,0,0.073713093996048,0.000473133201012388,0.0984721034765244,0.0999897047877312,581.453735351562,578.819641113281,581.243469238281,577.378051757812,580.557678222656,577.0830078125,8,22.3860282897949,17.2492485046387,20.2004737854004,21.921817779541,19.3814105987549,1,0.133863717317581,0.640239536762238,0.94174724817276,0.410968005657196,0.93926602602005,0.187323659658432,0.13296714425087,0,0.420533001422882,0.127950683236122,0,0.3011175096035,0.00397445075213909,0.449946194887161,0.453374773263931,0.668854296207428,0.616965651512146,0.647242844104767,0.630923867225647,1.92431640625,3.89932775497437,2.23475646972656,3.24092698097229,3.31045627593994,2.24920320510864,0,0.125046849250793,0.109426878392696,0.0582527741789818,0.116980023682117,0.052369587123394,0.111943461000919,0.119867064058781,7.86121225357056,16.3145751953125,9.36822032928467,13.8754148483276,13.3847751617432,9.76483631134033,0.0572128295898438,0.00959386490285397,0.0594566687941551,0.00330450106412172,0.0506080910563469,-0.00101114367134869,21.9267272949219,3.99347829818726,16.3127670288086,22.4188690185547,10.8969449996948,22.3713397979736,5.64979934692383,4.24901580810547,0,0.186171919107437,0.000188882229849696,0,0.015138428658247,0,0.0952252447605133,0.150747865438461
"18",18,"Log_418",46.74619,7.63853,1177242,2615275,NA,"Schadau","G/B","G","water","water",18,0,0.0277557224035263,0,0,0.000271727534709498,0,0.0108380159363151,0.0228819753974676,-12.244873046875,-11.7853689193726,-11.9475536346436,-11.3960733413696,-11.9763879776001,-9.41071224212646,99.1068344116211,172.924682617188,139.144866943359,182.603103637695,174.441635131836,190.746154785156,0,0.845533072948456,0.206878662109375,0,0.437981486320496,0,0.669801533222198,0.781542837619781,0,0.0767431110143661,0.0151313589885831,0.0479350797832012,0.0346878692507744,0.0137542951852083,0.0582923665642738,0.0696661993861198,557.755126953125,558.214660644531,558.052429199219,558.603942871094,558.023620605469,560.589294433594,128,37.3081130981445,51.5628967285156,33.5308113098145,44.0176620483398,29.5711441040039,0,0.0637600049376488,0.00688835373148322,0,0.0347235612571239,0,0.0732037425041199,0.0686613544821739,0,0.346470266580582,0.280795276165009,0.161412969231606,0.327631175518036,0.207549691200256,0.346735209226608,0.345424890518188,0.566077828407288,0.535622358322144,0.566937744617462,0.551178693771362,1.603759765625,0.345802128314972,0.948792815208435,0.39686131477356,0.546571433544159,0.639379501342773,0,0.117428012192249,0.0566339604556561,0.0349416956305504,0.0690105631947517,0.0560143366456032,0.0895382463932037,0.106656335294247,7.08478832244873,1.40044867992401,3.76058340072632,1.61333107948303,2.1094605922699,2.65781140327454,-0.316047668457031,-0.00178358203265816,0.00197427533566952,-0.00181050144601613,0.00123349903151393,-0.00158450333401561,2.01752495765686,2.65257883071899,2.10623025894165,4.50083780288696,2.47419309616089,4.59551095962524,3.19811820983887,2.89967036247253,1,0.367842882871628,0.640551030635834,0.755710244178772,0.533675074577332,0.722681701183319,0.421392410993576,0.386709243059158
"19",19,"Log_419",46.75304,7.6207,1178000,2613911,NA,"Progymatte","D/E","E","urban","green urban",19,0,0.0147594166919589,0.0240018405020237,0,0.0140208574011922,0.0134039660915732,0.00694456091150641,0.00727299088612199,-8.3995361328125,-8.46686363220215,-8.40626049041748,-8.44808101654053,-8.45666122436523,-8.50875473022461,114.075500488281,157.674346923828,131.822601318359,160.782958984375,143.343200683594,164.239974975586,0,2.49120235443115,2.25504159927368,0,2.21221017837524,0.302365630865097,2.04621243476868,2.23748087882996,0,0.188145622611046,0.140396311879158,0,0.158987984061241,0.013545960187912,0.163470670580864,0.177386656403542,561.600463867188,561.533142089844,561.59375,561.551940917969,561.543334960938,561.491271972656,1,38.1040725708008,6.90027761459351,37.6354064941406,21.0770797729492,36.9732818603516,0,2.98723880405305e-05,0,0,0,0,0,0,1,0.556191265583038,0.535449922084808,0.582203924655914,0.58404529094696,0.524061024188995,0.62963080406189,0.604927539825439,0.57763946056366,0.531010866165161,0.560900151729584,0.544677495956421,0.02227783203125,0.262142181396484,0.0860952585935593,0.314862161874771,0.147497951984406,0.34819296002388,0,0.236216753721237,0.300151944160461,0.417796075344086,0.242942065000534,0.448989033699036,0.199858039617538,0.209834828972816,0.0630076825618744,1.00344479084015,0.35434901714325,1.1943461894989,0.588078916072845,1.32395875453949,-0.00262451171875,-0.000256255880231038,0.00399120571091771,2.33299688261468e-05,0.00373774510808289,5.21813599334564e-05,0.746539056301117,1.12819945812225,0.674132943153381,0.134366542100906,0.907701313495636,0.326481819152832,1.18065237998962,1.17206132411957,0,0.00465706642717123,0,0,3.82937560061691e-06,0,9.59480239544064e-05,0.000578016159124672
"20",20,"Log_420",46.74678,7.62247,1177305,2614048,NA,"Hohmad","6","6","urban","green urban",20,0,0.0380363948643208,0,0,7.24118490325054e-06,0,0.00508019188418984,0.0242839846760035,-8.71722412109375,-8.37511920928955,-8.5869779586792,-8.28364849090576,-8.51683235168457,-8.09909057617188,113.435592651367,167.327560424805,128.131713867188,161.738143920898,147.441909790039,158.324523925781,0,2.09326100349426,1.31107497215271,0.877371907234192,1.62145817279816,1.08894824981689,2.00127649307251,2.08288741111755,0,0.187637895345688,0.151193097233772,0.125460013747215,0.173628315329552,0.143820285797119,0.195347085595131,0.193173795938492,561.282775878906,561.624877929688,561.413024902344,561.716369628906,561.483154296875,561.900939941406,1,25.5852565765381,28.926887512207,28.2946453094482,28.104284286499,31.0998115539551,0,0.000224387782509439,0,0,0,0,0,0,1,0.591548144817352,0.719452202320099,0.682455658912659,0.686048090457916,0.762159585952759,0.641928732395172,0.614604711532593,0.517866253852844,0.55101215839386,0.535496711730957,0.545358598232269,0.26531982421875,0.316328883171082,0.33118200302124,0.337050586938858,0.322147786617279,0.374865412712097,0,0.178247943520546,0.129344597458839,0.192084312438965,0.140218257904053,0.0940201133489609,0.157402873039246,0.16738361120224,0.976786136627197,1.17340207099915,1.20369958877563,1.26701438426971,1.16279268264771,1.42290532588959,-0.0581207275390625,-0.000586835376452655,-0.0147925699129701,-0.000299183593597263,-0.00300279376097023,-8.46003240440041e-05,0.123693555593491,0.895500659942627,0.804823875427246,0.194866806268692,0.688409984111786,0.511764705181122,0.679221570491791,0.781068921089172,0,0.00430525653064251,1.00948564067949e-05,0,9.81170232989825e-05,0,0.000241099114646204,0.000553915102500468
"21",21,"Log_421",46.73948,7.61728,1176492,2613653,NA,"Neufeld","6","6","urban","green urban",21,0,0.0844024494290352,0.00532396882772446,0,0.00331881502643228,0.000392396817915142,0.0126453414559364,0.0416276231408119,-6.78515625,-6.57948589324951,-6.73744821548462,-6.59603500366211,-6.64920091629028,-6.59428930282593,124.655143737793,147.91552734375,163.843780517578,149.54118347168,161.097061157227,154.598526000977,0,2.14504718780518,1.64153146743774,1.74426317214966,1.75734972953796,1.74803507328033,2.05645370483398,2.14745593070984,0,0.187182024121284,0.171840712428093,0.187481552362442,0.178706288337708,0.184225112199783,0.192174404859543,0.192879796028137,563.21484375,563.420532226562,563.262573242188,563.403991699219,563.350769042969,563.405700683594,1,29.9835300445557,23.0037460327148,29.5005779266357,29.0755100250244,28.9967632293701,0,6.00831413066771e-07,0,0,0,0,0,0,1,0.55357426404953,0.688148379325867,0.658253729343414,0.674768924713135,0.728052139282227,0.633424818515778,0.597091317176819,0.526558339595795,0.552176535129547,0.539524257183075,0.546043634414673,0.1492919921875,0.301453143358231,0.214724183082581,0.321647584438324,0.268377155065536,0.381160199642181,0,0.17379367351532,0.134686917066574,0.154264733195305,0.143110007047653,0.0873303636908531,0.161159336566925,0.16779737174511,0.253374546766281,1.14937353134155,0.79956579208374,1.21812069416046,1.02597939968109,1.4591076374054,-0.00942230224609375,-3.4130054700654e-05,-0.0144971692934632,7.97131433500908e-05,-0.0036274513695389,-3.76181633328088e-05,0.140103340148926,0.770252525806427,0.679585516452789,0.244242295622826,0.65426117181778,0.488284587860107,0.721344828605652,0.773751318454742,0,0.00104699563235044,0,0,9.5972660346888e-05,0,0.000596126250457019,0.000603903201408684
"22",22,"Log_422",46.74004,7.63322,1176557,2614871,NA,"Strandbad","D/E/G","G","water","water",22,0,0.01501683332026,0,0,2.495738590369e-05,0,0.00223804172128439,0.00932520348578691,-11.5216674804688,-11.9024381637573,-11.5717144012451,-11.9793434143066,-11.6055536270142,-11.9722394943237,324.81201171875,157.764617919922,247.574645996094,161.006195068359,207.93034362793,166.544235229492,0,0.595839560031891,0.0131118949502707,0,0.0644270330667496,0,0.19735498726368,0.404185056686401,0,0.0546304620802402,0.00266520725563169,0,0.0107401199638844,0,0.0238576680421829,0.0391947850584984,558.478332519531,558.097534179688,558.428283691406,558.020629882812,558.394470214844,558.027770996094,16,33.160457611084,35.5961990356445,35.9744453430176,27.6667652130127,37.3017463684082,0,0.00538937747478485,0,0,0,0,0.000608851085416973,0.00332137825898826,1,0.220098569989204,0.280937790870667,0.592490196228027,0.238250836730003,0.505866527557373,0.200430124998093,0.20186772942543,0.388092786073685,0.327711582183838,0.347765922546387,0.331922560930252,0.1361083984375,0.200789496302605,0.164395228028297,0.151279091835022,0.275230348110199,0.135196819901466,0,0.117043174803257,0.145746007561684,0.191764682531357,0.099672794342041,0.232833921909332,0.101478114724159,0.11381434649229,0.349694639444351,0.82487154006958,0.592803597450256,0.633290112018585,1.07343208789825,0.579429447650909,0.059417724609375,0.000777742592617869,-0.00212712096981704,0.000121096913062502,0.00610961392521858,-5.71117889194284e-05,0.0464755110442638,0.993052244186401,0.551493704319,0.0746076032519341,0.673641741275787,0.203523144125938,0.946190357208252,0.999261260032654,0,0.58782160282135,0.570650994777679,0.215745136141777,0.651311278343201,0.261299550533295,0.671387195587158,0.632476568222046
"23",23,"Log_423",46.7316,7.61812,1175616,2613719,NA,"Schoren","8","8","urban","dense urban",23,0,0.234015479683876,0.00590321375057101,0,0.0384071171283722,0,0.128011360764503,0.194425627589226,-8.05657958984375,-8.30774593353271,-8.09579944610596,-8.25710201263428,-8.19351482391357,-8.14812183380127,151.708053588867,167.675109863281,146.894973754883,162.698303222656,148.306442260742,156.409805297852,0,2.88722443580627,4.36599063873291,0.123920083045959,4.94386386871338,1.0212881565094,4.36976861953735,3.53460764884949,0,0.192394942045212,0.334199517965317,0.187930017709732,0.332282960414886,0.225756853818893,0.262946099042892,0.220912739634514,561.943420410156,561.692260742188,561.904174804688,561.742919921875,561.806457519531,561.851867675781,4,32.6796569824219,20.0936489105225,30.2626285552979,29.715970993042,28.5483932495117,0,0.00673642149195075,0,0,0,0,1.23796235129703e-05,0.000699269236065447,0,0.297130614519119,0.066570907831192,0.0269142854958773,0.0969374179840088,0.0709076747298241,0.223824501037598,0.274862170219421,0.523296773433685,0.541826009750366,0.529705047607422,0.534709572792053,0.42083740234375,0.476527214050293,0.403771430253983,0.455083042383194,0.449174880981445,0.436146110296249,1,0.265939205884933,0.593326330184937,0.785155713558197,0.532334983348846,0.703335464000702,0.385004758834839,0.308798640966415,2.00110626220703,1.85056257247925,1.65764343738556,1.76482582092285,1.75560259819031,1.70100116729736,0.012725830078125,-0.000285056565189734,0.00963579397648573,-0.000179681068402715,0.00690885772928596,-5.38031963515095e-05,0.114878319203854,0.823215782642365,0.21770803630352,0.303402870893478,0.26435723900795,0.406060487031937,0.507030427455902,0.625229120254517,0,0.00378334452398121,0,0,3.75285417248961e-05,0,0.000200896043679677,0.000301562715321779
"24",24,"Log_424",46.7309,7.60847,1175537,2612982,NA,"Buchholz","9","9","urban","rural",24,0,0.549947619438171,0.527657032012939,0.517149269580841,0.559284687042236,0.589632630348206,0.669377505779266,0.625794470310211,-4.47076416015625,-4.78047561645508,-4.60992860794067,-4.81231164932251,-4.70318937301636,-3.93712115287781,346.271759033203,152.871826171875,222.869567871094,151.769073486328,187.696228027344,143.579986572266,0,0.465038478374481,0.870689690113068,0.285895437002182,0.625653147697449,0.626097083091736,0.328483283519745,0.345605611801147,0,0.0415746122598648,0.0881983786821365,0.0307427998632193,0.0659883767366409,0.0653704032301903,0.0362886823713779,0.0343574285507202,565.529235839844,565.219543457031,565.390075683594,565.187683105469,565.296813964844,566.062866210938,32,24.0707244873047,40.529224395752,23.1232852935791,30.818977355957,25.8539981842041,0,0.15797883272171,0,0,0.00100588926579803,0,0.034595500677824,0.0991285070776939,0,0.144176095724106,0.303673356771469,0.07156752794981,0.28226900100708,0.143241971731186,0.17485499382019,0.146866098046303,0.666265666484833,0.682740926742554,0.67754989862442,0.680297017097473,0.34820556640625,0.28510108590126,0.337133437395096,0.338268667459488,0.31214451789856,0.475847870111465,1,0.105517759919167,0.0791944488883018,0.380540400743484,0.0896890312433243,0.201754987239838,0.0836932808160782,0.0930301025509834,1.18716645240784,1.11298739910126,1.31999182701111,1.32453739643097,1.21838164329529,1.91061174869537,0.06475830078125,0.000294954108539969,0.0172123089432716,-0.000160324954777025,0.00408755522221327,-0.00127669796347618,0.132258668541908,4.29735374450684,0.473733216524124,0.199148669838905,0.512412071228027,0.336383283138275,1.44185376167297,3.0106565952301,0,0.000805059564299881,0.00127676862757653,0,0.00176302215550095,0,0.00119002046994865,0.000823392358142883
"25",25,"Log_425",46.71913,7.62173,1174231,2613998,NA,"Gwatt","6","6","rural","green urban",25,0,0.396051436662674,0.245549231767654,0.000385662424378097,0.295098960399628,0.0488337390124798,0.365427583456039,0.403397113084793,29.2504272460938,29.1336879730225,29.4241733551025,28.2694530487061,29.5124320983887,27.2388687133789,14.5226345062256,68.8060760498047,67.7110290527344,64.6698913574219,60.2165641784668,83.3999710083008,0,0.699470043182373,1.3638836145401,0.554640471935272,1.16418719291687,1.29778516292572,0.876152336597443,0.768279910087585,0,0.0677225664258003,0.140036314725876,0.0580481626093388,0.121962778270245,0.135355740785599,0.0915196761488914,0.0765201523900032,599.250427246094,599.133666992188,599.424194335938,598.269470214844,599.512451171875,597.238891601562,64,91.2770538330078,80.2551956176758,94.8137130737305,87.1199264526367,83.2644348144531,0,0.174612358212471,0.000545222486834973,0,0.0213978979736567,0,0.0912791937589645,0.133350849151611,0,0.183545038104057,0.47936287522316,0.524536907672882,0.435114473104477,0.539481639862061,0.311459928750992,0.230282843112946,0.730802655220032,0.698236167430878,0.715511798858643,0.706124901771545,4.212890625,2.91030120849609,3.17764115333557,2.84679985046387,2.98493719100952,2.55161595344543,1,0.124408267438412,0.134304746985435,0.417029231786728,0.125933274626732,0.276328891515732,0.13584566116333,0.128573134541512,19.1822338104248,11.9329690933228,13.7526969909668,11.6045379638672,12.5588874816895,10.3278341293335,-0.227783203125,0.00557033717632294,0.000636523414868861,0.00213453476317227,-0.00959122832864523,0.00088656326988712,0.020077295601368,4.1066951751709,0.497408807277679,0.147968396544456,1.00941169261932,0.324653536081314,2.56631517410278,3.42069864273071,0,0.0536603108048439,0.000201600181753747,0,0.00049260351806879,0,0.00446796556934714,0.0278759188950062
"26",26,"Log_426",46.76323,7.6639,1179141,2617208,NA,"Goldiwil","2","2","urban","rural",26,1,0.523072719573975,0.0578486211597919,0.181404665112495,0.138792246580124,0.073019839823246,0.320131689310074,0.449729442596436,374.255615234375,374.764099121094,374.352325439453,376.018341064453,374.401763916016,377.886627197266,162.089965820312,174.222457885742,178.105087280273,178.101181030273,174.794952392578,188.720916748047,0,0.378346651792526,2.04449725151062,0.154979810118675,1.48289048671722,1.62295806407928,0.814540445804596,0.524696290493011,0,0.0384239703416824,0.162946775555611,0.00999103672802448,0.139142975211143,0.108295701444149,0.0826801285147667,0.0533373616635799,944.255615234375,944.764099121094,944.352294921875,946.018371582031,944.401733398438,947.886596679688,4,4.34727191925049,5.55349016189575,4.77278184890747,4.69335508346558,11.0130491256714,0,0.232156530022621,0.00867993477731943,0,0.0543302297592163,0,0.174929842352867,0.215868458151817,0,0.157981097698212,0.597060322761536,0.186412632465363,0.535017907619476,0.425223737955093,0.340307831764221,0.221697628498077,0.750460684299469,0.791860342025757,0.770734369754791,0.783015251159668,1.02264404296875,3.03300523757935,1.23125541210175,3.32643723487854,2.06346774101257,3.85549473762512,0,0.0452711880207062,0.173003420233727,0.622191667556763,0.131732165813446,0.393460690975189,0.0798026397824287,0.0567981228232384,4.61316394805908,13.4145336151123,5.13416147232056,14.6069917678833,8.94681358337402,16.5674018859863,-0.0243606567382812,-0.00418921792879701,-0.0122710512951016,-0.00527244014665484,-0.0046925563365221,0.00106404349207878,0.026432640850544,5.43096780776978,0.96060436964035,0.417740523815155,1.69041073322296,0.659048676490784,3.88077259063721,4.91483974456787,0,0.00309450970962644,0.000460961280623451,0,0.000984466052614152,0,0.00214786967262626,0.00256900209933519
"27",27,"Log_427",46.76287,7.61278,1179091,2613303,NA,"Uttigenstrasse","8","8","urban","dense urban",27,0,0.104821026325226,0.0659095868468285,0.00156807317398489,0.0852110832929611,0.00791822094470263,0.0746367126703262,0.0806714445352554,-12.5336303710938,-14.684175491333,-12.5719795227051,-14.2664546966553,-13.1532230377197,-13.279501914978,9.55684089660645,149.920455932617,106.280387878418,147.080078125,121.274467468262,151.844131469727,0,3.46274256706238,2.56305408477783,4.6466498374939,3.28526854515076,3.42632508277893,3.7749445438385,3.66933345794678,0,0.224808230996132,0.226730570197105,0.408191680908203,0.255996942520142,0.335583180189133,0.267186641693115,0.245012700557709,557.466369628906,555.315795898438,557.428039550781,555.733520507812,556.846801757812,556.720520019531,64,50.3623313903809,72.5095977783203,46.9572372436523,68.4485244750977,42.2977256774902,0,0.00511934421956539,0.0182773265987635,0.000180838236701675,0.0140487924218178,0.0110693285241723,0.0066868020221591,0.00467314291745424,0,0.148663684725761,0.0602397620677948,0.00145967956632376,0.0454697534441948,0.0451129898428917,0.0651253834366798,0.106767989695072,0.330811470746994,0.423204958438873,0.36209112405777,0.392990916967392,0.0908203125,1.41044771671295,0.301059484481812,1.16880810260773,1.08509516716003,0.781124174594879,1,0.470114707946777,0.449713706970215,0.588394939899445,0.46061971783638,0.559615910053253,0.505929291248322,0.504730761051178,0.383346527814865,5.57798671722412,1.0809588432312,4.66272449493408,4.227942943573,3.17106699943542,0.0074920654296875,-0.000482904317323118,0.0293978396803141,-0.00178221159148961,0.0555309429764748,-0.000479541253298521,0,1.03505969047546,1.40482640266418,0.0652999132871628,1.31645452976227,0.395484298467636,1.13772785663605,1.08677995204926,0,0.0464730076491833,0.179129049181938,0.000204824187676422,0.138653710484505,0.0407003797590733,0.0804351568222046,0.0581439957022667
"28",28,"Log_428",46.7577,7.61767,1178518,2613678,NA,"Expo","08. Feb","2","urban","dense urban",28,0,0.03235724568367,0.00137966580223292,0,0.00303601636551321,0,0.00581431668251753,0.0179527383297682,-10.2531127929688,-10.4184284210205,-10.4121503829956,-10.3018236160278,-10.4385995864868,-10.1166305541992,79.0365524291992,139.195159912109,145.777481079102,148.770690917969,138.772354125977,161.743148803711,0,3.55937910079956,4.2801947593689,0.251942723989487,4.67728471755981,1.85649442672729,4.37218809127808,3.8301682472229,0,0.229963362216949,0.341879546642303,0.0244167428463697,0.33814400434494,0.171877324581146,0.286928981542587,0.249301925301552,559.746887207031,559.58154296875,559.587829589844,559.698181152344,559.561401367188,559.883361816406,128,44.9972038269043,38.5813026428223,42.908519744873,44.916820526123,39.9763450622559,0,0.000495302141644061,0,0,0,0,2.14732372114668e-05,0.000231852332944982,0,0.323686420917511,0.116332024335861,0.00156807317398489,0.18259958922863,0.0165550671517849,0.276173830032349,0.310120731592178,0.382735252380371,0.443661361932755,0.404498964548111,0.425954759120941,0.27337646484375,0.291827112436295,0.204633176326752,0.308579087257385,0.193527817726135,0.332689076662064,1,0.388044446706772,0.540408790111542,0.974015176296234,0.476213067770004,0.811567604541779,0.427925914525986,0.406863808631897,0.912881076335907,1.19106709957123,0.790556788444519,1.25465905666351,0.76774537563324,1.34630346298218,0.134765625,-0.000504861178342253,0.00778682483360171,-0.000414828275097534,0.000554741534870118,-4.42132586613297e-05,0,0.960975885391235,0.353129655122757,0.000332921190420166,0.510127544403076,0.0297162402421236,0.709606289863586,0.868431508541107,0,0.0254532247781754,0,0,7.34723334971932e-06,0,0.00313549907878041,0.015528948046267
"29",29,"Log_429",46.7517,7.61156,1177850,2613213,NA,"Schönau/Westquartier","5","5","urban","green urban",29,0,0.287385731935501,0.000375879753846675,0,0.0197917427867651,0,0.148830190300941,0.239408627152443,-5.29620361328125,-5.3320050239563,-5.33366394042969,-5.35541820526123,-5.3069167137146,-5.38564777374268,99.4927825927734,141.462173461914,103.776733398438,146.312347412109,140.962036132812,152.961517333984,0,1.54413938522339,1.9223153591156,1.13729178905487,1.99939954280853,1.73134326934814,1.81252229213715,1.60687029361725,0,0.124091155827045,0.162349805235863,0.100498341023922,0.164411157369614,0.154216408729553,0.147882357239723,0.131825730204582,564.703796386719,564.66796875,564.666320800781,564.644592285156,564.693054199219,564.614379882812,1,37.4367370605469,13.407958984375,39.7691040039062,19.9741554260254,40.5128593444824,0,0.000724093173630536,0,0,0,0,0,0,1,0.401637524366379,0.743864834308624,0.71362316608429,0.682741343975067,0.734536647796631,0.540373742580414,0.451303094625473,0.591410875320435,0.595531165599823,0.581584513187408,0.588126540184021,0.250732421875,0.269046455621719,0.186937525868416,0.311784982681274,0.208913087844849,0.311184972524643,0,0.185929715633392,0.0934094488620758,0.185878500342369,0.133055746555328,0.111246943473816,0.162910118699074,0.177400574088097,1.13533270359039,1.07748079299927,0.841315567493439,1.24351274967194,0.861127495765686,1.23491370677948,0.0411224365234375,0.000283554196357727,-0.00290145655162632,3.58471043000463e-05,-0.00165384460706264,2.94380351988366e-05,0.639791488647461,0.995884716510773,0.869061052799225,0.597467124462128,1.06066823005676,0.55852198600769,1.12134325504303,1.05224537849426,0,0.000231789133977145,0,0,0,0,3.58505644726392e-06,6.19904240011238e-05
"30",30,"Log_430",46.74637,7.6099,1177257,2613087,NA,"Sportcluster","D","D","rural","low green",30,1,0.428706169128418,0.751620590686798,0.789558053016663,0.702962338924408,0.776121556758881,0.569651067256927,0.487529844045639,-3.23638916015625,-3.27744698524475,-3.30014967918396,-3.23722815513611,-3.31978034973145,-3.17577528953552,34.1023826599121,139.862350463867,111.829238891602,144.607650756836,133.902297973633,147.945159912109,0,1.44753468036652,0.0133625296875834,0,0.0868258848786354,0,0.776049554347992,1.29691636562347,0,0.101975135505199,0.00316292536444962,0,0.00936053693294525,0,0.0501860044896603,0.0857329219579697,566.763610839844,566.722534179688,566.699829101562,566.762756347656,566.680236816406,566.82421875,64,37.6369857788086,46.0469017028809,36.2908592224121,41.141716003418,37.9951477050781,0,0.000797818647697568,0,0,0,0,0,3.08056223730091e-05,0,0.28244537115097,0.220306903123856,0.210441917181015,0.20029553771019,0.223878443241119,0.196748748421669,0.231913208961487,0.661679446697235,0.640277922153473,0.654255390167236,0.646846354007721,0.21368408203125,0.182536244392395,0.171664297580719,0.245278090238571,0.146012172102928,0.331303507089615,0,0.184475600719452,0.0239604711532593,0,0.0860099792480469,0,0.18235832452774,0.193686798214912,0.818738460540771,0.750531017780304,0.708308577537537,0.994959771633148,0.605614483356476,1.33882784843445,0.04486083984375,-0.000124924918054603,0.00616010278463364,-0.000163386794156395,-0.000510357087478042,7.58313308324432e-06,0.090702123939991,0.934607744216919,0.215033143758774,0.154905691742897,0.729094564914703,0.148504301905632,1.01444888114929,0.959196925163269,0,0.00159992068074644,0.000949113280512393,0,0.00137159565929323,0,0.00105587835423648,0.00110642146319151
"31",31,"Log_431",46.74939,7.63001,1177596,2614623,NA,"Seefeld","6","6","urban","green urban",31,0,0.0187583398073912,4.73976342618698e-06,0,0.00164273846894503,0,0.00759145617485046,0.0150363044813275,-10.9456787109375,-10.9473571777344,-10.9360942840576,-10.9203100204468,-10.9054946899414,-10.7328262329102,332.556091308594,154.147705078125,126.949913024902,162.549926757812,134.512817382812,168.066177368164,0,1.82134962081909,1.60589361190796,0.242771506309509,2.00639009475708,1.26283848285675,1.8840024471283,1.81426799297333,0,0.148259982466698,0.12939777970314,0.0430323556065559,0.159581989049911,0.111729808151722,0.157045349478722,0.151203781366348,559.054321289062,559.052673339844,559.063903808594,559.079711914062,559.094482421875,559.267150878906,2,26.0835285186768,35.8530807495117,26.6975650787354,25.8359603881836,27.9112148284912,0,0.0100912256166339,0,0,0,0,6.33855233900249e-05,0.0024489532224834,0,0.480967164039612,0.691071152687073,0.421708792448044,0.634543716907501,0.586247444152832,0.542391002178192,0.501833021640778,0.582326769828796,0.550827324390411,0.560859084129333,0.554651379585266,0.060302734375,0.346022307872772,0.201852276921272,0.386184602975845,0.259182453155518,0.38123944401741,1,0.255630165338516,0.179332837462425,0.535258829593658,0.203291058540344,0.302022725343704,0.27930623292923,0.276810646057129,0.163136795163155,1.35389184951782,0.718526601791382,1.51136434078217,1.01506757736206,1.48639523983002,0.0161056518554688,-3.24505890603177e-05,-0.00801135879009962,-0.000177493202500045,0.00075424782698974,-0.000114179267256986,1.21790146827698,1.73566067218781,2.27312016487122,1.76328015327454,2.21200942993164,1.93116223812103,1.77695178985596,1.63772737979889,0,0.0862931162118912,0.000193484011106193,0,0.000940520723816007,0,0.0136025855317712,0.0526672676205635
"32",32,"Log_432",46.78555,7.63076,1181616,2614671,NA,"Flühli","6","6","urban","green urban",32,1,0.449023544788361,0.0387435220181942,0.0908185541629791,0.0887663587927818,0.050456915050745,0.259314775466919,0.379917085170746,65.9409790039062,66.1668243408203,65.9675674438477,66.1220932006836,66.1227035522461,67.9240798950195,160.532791137695,151.601333618164,170.525604248047,151.741638183594,173.795928955078,161.903549194336,0,0.843016386032104,2.00816249847412,0.0977917909622192,1.76270484924316,1.41963422298431,1.32949662208557,1.03930807113647,0,0.0921623036265373,0.216951385140419,0.00793249439448118,0.197103396058083,0.127926021814346,0.149528190493584,0.114595912396908,635.940979003906,636.166809082031,635.967590332031,636.1220703125,636.122680664062,637.924072265625,4,12.8073606491089,4.11596870422363,13.5449981689453,6.18017292022705,13.2824716567993,0,0.0819951221346855,0.00147785653825849,0,0.00772006902843714,0,0.0222925096750259,0.0526509471237659,0,0.280536592006683,0.509303569793701,0.0963091924786568,0.526510894298553,0.318583548069,0.441248506307602,0.346624463796616,0.654988765716553,0.707959055900574,0.67639422416687,0.693418562412262,0.43768310546875,0.890080809593201,0.526857852935791,1.19668233394623,0.715750098228455,1.921271443367,0,0.0927398130297661,0.233152806758881,0.804939746856689,0.178179547190666,0.503033518791199,0.124652989208698,0.103317260742188,1.91142284870148,3.7740216255188,2.22702884674072,5.04589796066284,3.00220394134521,8.11493396759033,-0.00627899169921875,0.00105946336407214,-0.0155972400680184,-0.000489936210215092,-0.0093993516638875,-0.0021161581389606,1.95476078987122,2.04951214790344,0.60873544216156,0.794609606266022,0.791676104068756,0.597520589828491,1.12394750118256,1.63665997982025,0,0.00354261812753975,0.000370887137250975,0,0.00171974580734968,0,0.00296300509944558,0.00289433426223695
"33",33,"Log_433",46.77786,7.63956,1180763,2615345,NA,"Zelgmatt","6","6","urban","green urban",33,0,0.415189146995544,0.0959788039326668,0,0.249455109238625,1.77327149231132e-06,0.457941025495529,0.44953328371048,19.63818359375,19.345006942749,19.6372699737549,19.100513458252,19.6404800415039,21.2465724945068,198.91374206543,231.510772705078,188.695861816406,234.206100463867,211.051208496094,237.112060546875,0,0.923378169536591,1.18768441677094,0.689766407012939,1.01938092708588,1.23010349273682,0.862331032752991,0.909123778343201,0,0.0931916981935501,0.132525771856308,0.0801558271050453,0.109523363411427,0.143249660730362,0.084397591650486,0.0908152908086777,589.63818359375,589.345031738281,589.637268066406,589.100524902344,589.640502929688,591.24658203125,8,15.9042987823486,8.43417835235596,18.1608924865723,10.5689945220947,22.1587963104248,0,0.0696665495634079,0.0015412662178278,0,0.00903807859867811,0,0.012528876774013,0.0320717804133892,1,0.264418482780457,0.625084578990936,0.676067888736725,0.465440422296524,0.708417773246765,0.283164590597153,0.267425328493118,0.691086947917938,0.701866567134857,0.697128295898438,0.698378443717957,0.782470703125,0.497939079999924,0.604932546615601,0.5694659948349,0.556535482406616,0.860394656658173,0,0.125061258673668,0.137435957789421,0.243776306509972,0.127911642193794,0.148330792784691,0.113558731973171,0.121113941073418,3.18608689308167,1.99847853183746,2.28313517570496,2.34000587463379,2.14846038818359,3.64525961875916,0.0793304443359375,0.00202947296202183,-0.00972484145313501,-5.31804071215447e-05,0.00342872808687389,-0.00301850261166692,0.171213567256927,2.10818195343018,0.596642434597015,0.270143538713455,0.780236721038818,0.390786468982697,0.941967308521271,1.37003123760223,0,0.0324728824198246,0.00743363006040454,0,0.0386313833296299,0,0.0484091825783253,0.0390403717756271
"34",34,"Log_434",46.77766,7.63401,1180739,2614921,NA,"Unterdorfstrasse","5","5","urban","green urban",34,0,0.249239176511765,0.0350196175277233,0,0.0499384328722954,3.18949751090258e-05,0.101388208568096,0.176303535699844,13.0701904296875,12.7914867401123,12.9888668060303,13.2303915023804,12.9148569107056,14.76881980896,291.052001953125,250.029083251953,279.791259765625,230.91926574707,262.483520507812,217.510650634766,0,1.50149691104889,0.939626157283783,0,1.72703886032104,0,1.94440567493439,1.71405172348022,0,0.142739251255989,0.288670659065247,0.279564261436462,0.236468061804771,0.401618629693985,0.192684590816498,0.163450077176094,583.070190429688,582.79150390625,582.988891601562,583.230407714844,582.914855957031,584.768798828125,16,22.0111484527588,23.1541690826416,20.5637950897217,24.1740188598633,19.8305358886719,0,0.0139037864282727,0,0,0,0,0.000249285425525159,0.00339750805869699,0,0.370590001344681,0.284702390432358,0.410351604223251,0.306882679462433,0.401709944009781,0.377995669841766,0.392118811607361,0.565139055252075,0.641408324241638,0.599911689758301,0.622351348400116,0.535400390625,0.735955417156219,0.440409690141678,0.871416926383972,0.463667333126068,0.857752203941345,1,0.194566532969475,0.342712700366974,0.310084134340286,0.346567720174789,0.196633592247963,0.284037530422211,0.230196267366409,2.38182187080383,2.99594664573669,1.89371252059937,3.5930769443512,1.87366819381714,3.58499026298523,0.0553131103515625,-0.00106692162808031,0.00944809243083,-0.00202289503067732,0.00374922668561339,-0.00114433048292994,0.0361159406602383,1.25358152389526,0.983161389827728,0.477636814117432,1.16643023490906,0.724475741386414,1.16502201557159,1.14658236503601,0,0.0289612542837858,0.0488946139812469,0,0.0601431056857109,5.94289667787962e-06,0.0436446964740753,0.0345337875187397
"35",35,"Log_435",46.77383,7.62668,1180312,2614362,NA,"Sägeweg","6","6","urban","green urban",35,0,0.384622544050217,0.0545366518199444,0,0.105765335261822,0,0.244247496128082,0.340412557125092,3.5113525390625,3.44545936584473,3.56469082832336,3.34538793563843,3.5632529258728,3.43970060348511,255.784454345703,240.609115600586,255.759704589844,237.501419067383,241.012512207031,231.580871582031,0,1.29483652114868,1.62787938117981,0.747783720493317,1.54928922653198,1.35080218315125,1.45233201980591,1.34707903862,0,0.122203812003136,0.181713208556175,0.0952010974287987,0.170747682452202,0.159435287117958,0.147116541862488,0.130929052829742,573.511352539062,573.445434570312,573.564697265625,573.345397949219,573.563232421875,573.439697265625,16,18.6945514678955,14.4985733032227,19.8535747528076,14.5079879760742,18.9767665863037,0,0.00548159377649426,0,0,0,0,0,0.000731622509192675,0,0.293077081441879,0.621275007724762,0.58352655172348,0.50561398267746,0.677686095237732,0.37077808380127,0.317629873752594,0.608965396881104,0.624215424060822,0.615729987621307,0.619907319545746,0.34429931640625,0.482397228479385,0.282141983509064,0.614173531532288,0.307785302400589,0.592455744743347,1,0.168085262179375,0.116511300206184,0.321272343397141,0.163365185260773,0.162878632545471,0.190375789999962,0.175566837191582,1.23980247974396,1.94853484630585,1.09478008747101,2.529620885849,1.16032838821411,2.46390080451965,-0.0558319091796875,0.00119974929839373,0.000145272526424378,2.52437203016598e-05,-0.000264028145466,-9.56549702095799e-05,0.421001046895981,0.894306540489197,1.11755585670471,0.735210478305817,1.29535281658173,0.726579189300537,1.0878324508667,0.908340394496918,0,0.0265296939760447,0.0259638391435146,0,0.0545078255236149,0,0.0474820882081985,0.0347300618886948
"36",36,"Log_436",46.77195,7.61591,1180102,2613540,NA,"Burgergut","5","5","urban","green urban",36,1,0.404976695775986,0.217046111822128,0.513496458530426,0.296987563371658,0.287952721118927,0.376871287822723,0.402293235063553,-7.1820068359375,-7.3569073677063,-7.20863389968872,-7.59524822235107,-7.18222427368164,-7.91943645477295,93.8669204711914,201.72575378418,112.217559814453,210.065093994141,154.089569091797,215.793304443359,0,1.23961532115936,1.77668273448944,0.0414881967008114,1.36180210113525,1.31610608100891,1.19134700298309,1.18553864955902,0,0.109325774013996,0.10019900649786,0.00194507604464889,0.0957643762230873,0.0579277686774731,0.0994640961289406,0.104674577713013,562.817993164062,562.64306640625,562.791381835938,562.404724121094,562.817749023438,562.08056640625,1,23.0935249328613,38.2934913635254,21.8729305267334,33.3413200378418,21.6369571685791,0,0.0139321470633149,0,0,3.3662909117993e-05,0,0.0021512801758945,0.00630104634910822,0,0.193953663110733,0.243824452161789,0.15185883641243,0.201445862650871,0.229962036013603,0.1685631275177,0.182537093758583,0.553301751613617,0.599088549613953,0.578619778156281,0.592710256576538,1.03070068359375,0.468889594078064,0.625592410564423,0.559077858924866,0.4793741106987,0.671240031719208,0,0.256040066480637,0.432978063821793,0.332699596881866,0.398211598396301,0.42385533452034,0.334798872470856,0.283983260393143,4.94372844696045,1.95994424819946,2.6194281578064,2.33513689041138,1.96564626693726,2.85928106307983,0.05316162109375,0.00139044842217118,-0.00387634383514524,0.000674173410516232,-0.000559956941287965,0.000148393766721711,1.71580636501312,0.915832221508026,0.59986013174057,1.3351993560791,0.59242707490921,1.04848289489746,0.746146380901337,0.805813431739807,0,0.0217716563493013,0.00595237826928496,0,0.00755691528320312,0.000302164116874337,0.0181513410061598,0.0202107820659876
"37",37,"Log_437",46.76882,7.6265,1179755,2614350,NA,"Hodelmatte","D","D","rural","low green",37,0,0.45977658033371,0.895444333553314,0.481881231069565,0.915068924427032,0.687261819839478,0.772542417049408,0.588705778121948,-0.73590087890625,-0.916233479976654,-0.799032509326935,-0.770479202270508,-0.936062514781952,-0.595660448074341,153.778244018555,191.975006103516,179.713638305664,204.550765991211,198.744003295898,218.616226196289,0,1.32662904262543,2.30373152589891e-05,0,0.0203044041991234,0,0.420126259326935,0.951162040233612,0,0.113793313503265,2.50405605584092e-06,0,0.00287076341919601,0,0.0439989678561687,0.0871477052569389,569.264099121094,569.083740234375,569.200988769531,569.2294921875,569.06396484375,569.404357910156,2,10.965726852417,10.2647647857666,10.2252759933472,15.0957050323486,12.374135017395,0,0.0175731666386127,0,0,0,0,0,0.00453259609639645,0,0.248348712921143,0.000576442573219538,0,0.0140143865719438,0,0.0934763625264168,0.19110132753849,0.638982713222504,0.604273796081543,0.620635092258453,0.612327218055725,0.3465576171875,0.325848996639252,0.378278166055679,0.313245445489883,0.357734203338623,0.346986830234528,1,0.153448104858398,0.103976719081402,0.518118798732758,0.0680459216237068,0.312738180160522,0.089679129421711,0.126376256346703,1.31142461299896,1.37056934833527,1.48763012886047,1.34180414676666,1.43339955806732,1.47637057304382,-0.00273895263671875,-0.000721160497050732,0.0212944447994232,-0.000499123299960047,0.00557887507602572,-8.21381909190677e-05,0.928154289722443,0.815381228923798,0.14175309240818,0.69670170545578,0.11956475675106,0.415873378515244,0.247994109988213,0.489917278289795,0,0.00706011708825827,0,0,0,0,0.000303115200949833,0.00213631265796721
"38",38,"Log_438",46.76616,7.6223,1179459,2614030,NA,"Schwäbis","05. Jun","6","urban","green urban",38,0,0.270771563053131,0.00886067654937506,0.0242533106356859,0.034384910017252,0.0283115189522505,0.16251540184021,0.242868542671204,-5.54278564453125,-5.96700620651245,-5.53241729736328,-6.16391706466675,-5.54300737380981,-6.5900239944458,182.575698852539,194.662612915039,197.079681396484,200.340621948242,192.503967285156,208.651519775391,0,2.21679615974426,2.07572197914124,0.0628842264413834,2.02966618537903,0.984191238880157,1.96068370342255,2.07090020179749,0,0.158684447407722,0.185978770256042,0.00509586371481419,0.184482648968697,0.0811045691370964,0.162071824073792,0.1560098528862,564.457214355469,564.033020019531,564.467590332031,563.836059570312,564.456970214844,563.409973144531,4,12.5810098648071,6.13921880722046,14.0587673187256,7.89034652709961,16.7414875030518,0,0.00113470037467778,0,0,0,0,0,5.39498250873294e-05,0,0.297980040311813,0.550290107727051,0.348273396492004,0.527475655078888,0.434004098176956,0.434204339981079,0.349900394678116,0.585296154022217,0.540822148323059,0.567732274532318,0.552806854248047,0.41778564453125,0.52086877822876,0.367061465978622,0.499185711145401,0.458353668451309,0.483926355838776,1,0.248314335942268,0.254870444536209,0.622377455234528,0.25365674495697,0.456579804420471,0.239668041467667,0.238378897309303,2.03989601135254,2.06593799591064,1.52233803272247,1.97922015190125,1.8167724609375,1.937668800354,-0.006256103515625,0.00158976588863879,-0.00384995783679187,0.000537545070983469,0.00474185822531581,0.00030395487556234,0.212236449122429,0.738016128540039,0.784695208072662,0.720658361911774,0.749687254428864,0.993520796298981,0.649072229862213,0.669086575508118,0,0.0231148991733789,0,0,0,0,0.0015403856523335,0.0127883469685912
