term,estimate,std.error,statistic,p.value,significant
DEM_150:PP_1d,0.000,0.000,-3.118,0.002,TRUE
DEM_150:WT,0.001,0.000,3.009,0.003,TRUE
DEM_150:WD_L_8SE,0.009,0.003,2.905,0.004,TRUE
WD_L_8SE,-5.234,1.842,-2.841,0.005,TRUE
DEM_150:WD_L_8W,0.008,0.003,2.611,0.009,TRUE
GA_1000:PP_1d,-0.044,0.017,-2.572,0.010,TRUE
GA_1000:WT,0.193,0.075,2.571,0.010,TRUE
PP_1d,0.063,0.025,2.535,0.011,TRUE
DEM_150:AT,0.000,0.000,-2.533,0.011,TRUE
GWT26_Z50018,-2.335,0.923,-2.530,0.011,TRUE
DEM_150:WD_L_8E,0.008,0.003,2.513,0.012,TRUE
DEM_150:WD_L_8SW,0.008,0.003,2.488,0.013,TRUE
GA_1000:WS_L,0.110,0.045,2.453,0.014,TRUE
DEM_150:WD_L_8NW,0.008,0.003,2.441,0.015,TRUE
WD_L_8E,-4.392,1.799,-2.441,0.015,TRUE
DEM_150:WD_L_8NE,0.009,0.004,2.410,0.016,TRUE
WD_8E,4.287,1.792,2.392,0.017,TRUE
WD_L_8NE,-4.862,2.084,-2.332,0.020,TRUE
WD_L_8SW,-4.307,1.860,-2.315,0.021,TRUE
WD_L_8W,-4.193,1.851,-2.265,0.024,TRUE
BH_25:AT,-0.007,0.003,-2.184,0.029,TRUE
WD_L_8NW,-4.035,1.892,-2.132,0.033,TRUE
DEM_150:WD_L_8S,0.007,0.003,2.081,0.038,TRUE
WD_L_8S,-4.117,1.989,-2.070,0.039,TRUE
DEM_150:GWT26_Z50018,0.003,0.002,2.036,0.042,TRUE
DEM_150,-0.010,0.005,-1.969,0.049,TRUE
BH_25:GR_3d,0.000270609,0.000138654,1.951684556,0.051077046,FALSE
GWT26_Z50010,-1.716959676,0.893125993,-1.922415974,0.054656626,FALSE
DEM_150:WD_8E,-0.006050857,0.003195543,-1.893529984,0.058392299,FALSE
GA_1000:AT,-0.120904765,0.064220358,-1.88265481,0.059852645,FALSE
WT,-0.183884834,0.098513976,-1.866586253,0.062065738,FALSE
GA_1000:WD_L_8_3dNW,-2.120278906,1.14651562,-1.849324047,0.064518278,FALSE
GWT26_Z5009,-1.561345232,0.882429106,-1.769371864,0.076942647,FALSE
SE_50:WD_L_8_3dSW,-0.996227302,0.563195853,-1.768882525,0.077024309,FALSE
FO_500:WS_L,0.241354746,0.138244258,1.745857292,0.080947422,FALSE
DEM_150:GWT26_Z5009,0.002735049,0.001589925,1.720237932,0.085501702,FALSE
DEM_150:GWT26_Z50010,0.002721415,0.001607216,1.693247682,0.090521589,FALSE
GA_1000:GR_3d,0.004895715,0.002894328,1.691485938,0.090857333,FALSE
GR_3d,0.006310176,0.003759031,1.678670861,0.09332982,FALSE
NDVI:WT,-0.154774855,0.094260991,-1.641982054,0.100708062,FALSE
NDVI:WS_L,-0.092296372,0.05682858,-1.62411892,0.104465034,FALSE
WD_8NW,2.018511969,1.267218897,1.592867637,0.111304813,FALSE
DEM_150:WS_3d,-0.000431439,0.000270869,-1.592798765,0.111320268,FALSE
GA_1000:WD_L_8_3dW,-1.714634576,1.077566795,-1.591209551,0.111677362,FALSE
NDVI:WD_8SW,-2.440172461,1.566449158,-1.557773164,0.119402098,FALSE
GA_1000:WD_L_8_3dSE,-1.712367249,1.121441948,-1.526933474,0.126892555,FALSE
GA_1000:WD_L_8_3dS,-1.771278185,1.182261171,-1.498212264,0.134192883,FALSE
SLO:AT,-0.003265882,0.002180445,-1.497805385,0.13429859,FALSE
BH_25:PP_bool_1d,-0.022955824,0.01537336,-1.493220996,0.135494065,FALSE
WS_3d,0.230224125,0.154907525,1.486203619,0.137339901,FALSE
FO_500:GWT26_Z50016,6.855057033,4.648479115,1.474688143,0.140410874,FALSE
GA_1000:WD_L_8_3dNE,-1.735563299,1.190255235,-1.458143806,0.1449151,FALSE
SE_50:GR_3d,0.002075758,0.001426794,1.45484028,0.145827614,FALSE
PP_bool_1d,-0.563005203,0.38853424,-1.449049132,0.147437879,FALSE
SE_50:WD_L_8_3dSE,-0.797975626,0.554489279,-1.439118223,0.150230837,FALSE
NDVI:PP_1d,0.032183964,0.022938405,1.403060221,0.160711774,FALSE
GA_1000:GWT26_Z5003,-1.755087253,1.256452076,-1.396859687,0.162568479,FALSE
GA_1000:WD_L_8_3dE,-1.53381014,1.102116604,-1.391694975,0.164127337,FALSE
GA_1000:WD_L_8_3dSW,-1.562344565,1.124422934,-1.389463446,0.164804352,FALSE
SLO:PP_bool_1d,-0.014596141,0.010678701,-1.366846152,0.17178526,FALSE
SE_50:WT,0.050834178,0.037722256,1.34759115,0.177900928,FALSE
SLO:WS_L,-0.002016001,0.00151244,-1.332945754,0.182660024,FALSE
SE_50:PP_1d,-0.011982428,0.009234263,-1.297605346,0.194531819,FALSE
NDVI:GWT26_Z50025,1.272364163,1.026078411,1.240026249,0.215071482,FALSE
NDVI:WD_8S,-1.943057198,1.568547265,-1.238762287,0.215539267,FALSE
DEM_150:GWT26_Z50025,-0.002214287,0.001892384,-1.170104378,0.242060362,FALSE
SLO:WD_L_8NW,0.057399497,0.049173162,1.167293176,0.243193196,FALSE
DEM_150:WD_8NW,-0.002707552,0.002342257,-1.155958616,0.247798501,FALSE
NDVI:GWT26_Z5002,0.987231414,0.861328736,1.14617262,0.251823458,FALSE
SE_50:WD_L_8_3dE,-0.623550701,0.544836177,-1.144473748,0.25252682,FALSE
SE_50:WD_L_8_3dNW,-0.646261834,0.567179371,-1.139431133,0.254622615,FALSE
SE_50:WD_L_8_3dS,-0.65851816,0.589263415,-1.117527651,0.263866404,FALSE
AT,0.089101954,0.080116888,1.112149472,0.266171102,FALSE
BH_25:WS_L,-0.002489374,0.002244218,-1.109238841,0.267424153,FALSE
WD_8S,1.522213566,1.394929531,1.091247646,0.275259527,FALSE
DEM_150:WS_L,0.000111542,0.000105538,1.056880559,0.290658935,FALSE
SE_50:WD_L_8_3dW,-0.558427208,0.530160027,-1.053318205,0.292287716,FALSE
GA_1000:WD_8SW,1.209614299,1.152568634,1.049494376,0.294042863,FALSE
BH_25:WT,0.003661357,0.003512378,1.042415543,0.297310693,FALSE
BH_25:GWT26_Z50012,0.045488231,0.043748487,1.039766961,0.298539589,FALSE
NDVI:GWT26_Z5003,1.594712399,1.54058466,1.035134543,0.300697098,FALSE
GA_1000:WS_3d,-0.129709433,0.125323466,-1.034997174,0.300761235,FALSE
NDVI:WD_8W,-1.548279482,1.508884217,-1.026108872,0.304930516,FALSE
FO_500:AT,-0.204666322,0.199473089,-1.026034753,0.304965444,FALSE
BH_25:GWT26_Z50015,0.066463245,0.065720282,1.01130493,0.311959477,FALSE
SE_50:WD_L_8_3dNE,-0.59210107,0.586640039,-1.009308998,0.312915263,FALSE
FO_500:WD_L_8_3dSW,-3.496267892,3.47086961,-1.007317556,0.313870819,FALSE
FO_500:GWT26_Z50015,7.970030161,7.927466505,1.005369137,0.314807588,FALSE
GA_1000:GWT26_Z50019,-1.004756619,1.000529966,-1.004224414,0.315358809,FALSE
FO_500:WD_L_8S,-4.822853424,4.865938262,-0.991145626,0.321701676,FALSE
BH_25:GWT26_Z5008,0.04542041,0.045830829,0.991044914,0.32175084,FALSE
NDVI:GWT26_Z50016,-2.139579263,2.172748439,-0.984734001,0.324841375,FALSE
GWT26_Z5008,-1.179082806,1.231917831,-0.957111567,0.338595078,FALSE
SLO:WD_L_8NE,0.049131504,0.051530141,0.953451761,0.340445023,FALSE
SLO:WD_L_8W,0.045344038,0.047852551,0.947578284,0.343427443,FALSE
BH_25:GWT26_Z50016,-0.13752094,0.146273477,-0.9401632,0.347216427,FALSE
DEM_150:WD_L_8_3dNW,-0.002307057,0.002462347,-0.936934176,0.348874691,FALSE
NDVI:WD_L_8_3dW,1.24153973,1.325604954,0.936583502,0.349055082,FALSE
GA_1000:GWT26_Z5004,-1.009402043,1.080408534,-0.934278109,0.350242479,FALSE
DEM_150:GWT26_Z50019,0.002111518,0.002288597,0.922625502,0.35628334,FALSE
NDVI:GWT26_Z5008,1.101810583,1.197577712,0.920032639,0.357636399,FALSE
BH_25:WD_8NW,-0.053100247,0.057917126,-0.916831521,0.359311326,FALSE
DEM_150:GWT26_Z5002,-0.001396417,0.001540535,-0.906449324,0.36477749,FALSE
SLO:GR_3d,8.78179377350413e-05,9.69190880749663e-05,0.906095378,0.364964753,FALSE
GWT26_Z50011,-0.91656728,1.013296339,-0.904540207,0.365788258,FALSE
NDVI:WD_L_8_3dS,1.31613736,1.472619691,0.893738803,0.371539866,FALSE
WD_8W,1.176155655,1.32460401,0.887930013,0.374656052,FALSE
SE_50:AT,-0.027564724,0.03140719,-0.877656485,0.380206834,FALSE
SLO:WD_L_8SW,0.042096483,0.048694699,0.864498261,0.387389635,FALSE
SLO:WD_L_8S,0.044090021,0.051288205,0.859652253,0.390055693,FALSE
SLO:GWT26_Z50025,-0.02479105,0.029139478,-0.850771938,0.394970123,FALSE
NDVI:WD_L_8_3dNW,1.187586103,1.414766653,0.839421894,0.401305567,FALSE
GA_1000:GR,-1.072202114,1.292959778,-0.82926177,0.407028271,FALSE
BH_25:WD_8SW,-0.051663929,0.063030807,-0.819661548,0.412480109,FALSE
BH_25:WD_L_8S,0.116377076,0.141990009,0.81961454,0.41250691,FALSE
FO_500:WT,0.192912028,0.238274304,0.809621619,0.418227725,FALSE
GWT26_Z50012,-16.67022627,20.75978525,-0.803005718,0.422040825,FALSE
NDVI:WD_8NW,-1.176965699,1.466621474,-0.80250134,0.422332359,FALSE
SLO:GR,-0.033830449,0.042217578,-0.801335614,0.423006609,FALSE
DEM_150:GWT26_Z50012,0.029054282,0.036585817,0.794140574,0.427182121,FALSE
BH_25:WD_8W,-0.048231686,0.061377014,-0.785826525,0.432036826,FALSE
DEM_150:GWT26_Z50026,0.00174739,0.002261143,0.772790521,0.439712777,FALSE
WD_L_8_3dNW,1.111913266,1.445050366,0.76946333,0.44168439,FALSE
NDVI,2.17841717,2.832695089,0.769026352,0.441943708,FALSE
FO_500:WD_L_8_3dE,-2.554277017,3.332034371,-0.766581833,0.443395979,FALSE
BH_25:WD_8E,-0.087413862,0.114644823,-0.762475445,0.445841686,FALSE
BH_25:WD_8S,-0.046703294,0.061698297,-0.756962441,0.449137212,FALSE
GA_1000:GWT26_Z50015,1.601700521,2.129204819,0.75225291,0.451963362,FALSE
SE_50:GWT26_Z5008,0.350488893,0.466974314,0.750552829,0.452986031,FALSE
WD_8SW,1.031769262,1.38323631,0.745909614,0.455785771,FALSE
DEM_150:GWT26_Z5006,-0.001432279,0.001924633,-0.744183052,0.456829322,FALSE
BH_25:GWT26_Z50018,0.025200929,0.034161294,0.737704166,0.460757181,FALSE
BH_25:GWT26_Z5002,0.02427451,0.033134114,0.732613823,0.463856434,FALSE
GA_1000:GWT26_Z5006,-0.625275886,0.854864798,-0.731432488,0.464577347,FALSE
DEM_150:WD_L_8_3dW,-0.001669366,0.002308723,-0.723069036,0.469698963,FALSE
FO_500:WD_L_8NE,-3.538024595,4.916265598,-0.719656928,0.471797406,FALSE
NDVI:WD_L_8_3dE,0.980032322,1.365744164,0.717581189,0.473076508,FALSE
BH_25:WD_L_8SW,0.097694634,0.138163172,0.707096059,0.479566697,FALSE
GWT26_Z50019,-0.879889502,1.260509044,-0.69804299,0.485209327,FALSE
NDVI:WD_8SE,-1.147165913,1.668866788,-0.68739214,0.491893616,FALSE
GWT26_Z5003,-1.151249629,1.677918312,-0.686117805,0.492696665,FALSE
FO_500:WD_L_8_3dNW,-2.350459926,3.499780062,-0.671602182,0.5018934,FALSE
FO_500:WD_L_8NW,-3.085419699,4.623893551,-0.667277407,0.504650942,FALSE
DEM_150:PP_bool_1d,0.000454037,0.000685031,0.662798732,0.507515013,FALSE
BH_25:WD_L_8E,0.088858816,0.136631782,0.650352459,0.515518905,FALSE
SE_50:GWT26_Z5003,-0.395561221,0.608655967,-0.649892949,0.515815655,FALSE
GA_1000:WD_L_8SE,0.958315754,1.478762744,0.648052406,0.517005158,FALSE
NDVI:GR_3d,-0.002321747,0.00359239,-0.646295797,0.518141739,FALSE
SE_50:WS_L,0.014532853,0.022504604,0.645772429,0.518480625,FALSE
FO_500:GWT26_Z5004,-2.394153364,3.714462541,-0.644549067,0.51927321,FALSE
FO_500:WD_L_8_3dNE,-2.356882121,3.658789382,-0.644169936,0.519518967,FALSE
SLO:WD_L_8SE,0.030520338,0.047787312,0.638670325,0.523090607,FALSE
GA_1000:WD_8W,0.702433877,1.105052865,0.635656356,0.52505332,FALSE
SE_50:GWT26_Z50018,0.220454145,0.347619712,0.634181947,0.526014836,FALSE
SLO:GWT26_Z5008,-0.021617734,0.034288715,-0.630462062,0.528444702,FALSE
SLO:WT,0.001625189,0.002584525,0.628815413,0.529522134,FALSE
SLO:GWT26_Z5003,-0.026020318,0.041384743,-0.628741801,0.529570325,FALSE
SE_50:WD_8S,-0.385435718,0.615334506,-0.626384047,0.53111506,FALSE
DEM_150:GR,0.001767398,0.002833259,0.623803944,0.532808087,FALSE
FO_500:GWT26_Z5008,1.822185376,2.946561387,0.618410797,0.536355797,FALSE
BH_25:WD_L_8W,0.085158505,0.138013074,0.617032158,0.537264596,FALSE
WD_8SE,0.903184873,1.479105037,0.6106293,0.541495482,FALSE
BH_25:WD_L_8NE,0.084014963,0.139276806,0.603222932,0.54641014,FALSE
NDVI:GWT26_Z50011,0.613419323,1.021863314,0.600294888,0.548359189,FALSE
WD_L_8_3dS,-0.898629309,1.497040785,-0.600270425,0.548375487,FALSE
SLO:WD_L_8E,0.027623475,0.046225234,0.597584315,0.550166535,FALSE
BH_25:GWT26_Z5003,0.043426543,0.072746289,0.596958881,0.550583977,FALSE
SLO:GWT26_Z50015,-0.030434414,0.051098534,-0.595602488,0.551489826,FALSE
FO_500:GWT26_Z5007,2.317148498,3.90124183,0.593951516,0.552593395,FALSE
GA_1000:GWT26_Z50024,-0.805309263,1.356020518,-0.593876901,0.552643295,FALSE
FO_500:WS_3d,-0.228594688,0.38903134,-0.587599674,0.556849274,FALSE
BH_25:WD_L_8SE,0.080683301,0.137692084,0.58596906,0.557944394,FALSE
NDVI:GWT26_Z50019,0.72568781,1.246978127,0.581957128,0.560643261,FALSE
SE_50:WD_8SE,-0.378394915,0.654263702,-0.578352297,0.563073652,FALSE
GA_1000:WD_L_8E,0.823846552,1.424769753,0.57823136,0.563155276,FALSE
NDVI:GWT26_Z5006,0.610389203,1.057410846,0.577248858,0.563818609,FALSE
SE_50:PP_bool_1d,-0.091663565,0.159070016,-0.576246659,0.564495628,FALSE
NDVI:GWT26_Z50015,1.034151192,1.799866695,0.574570992,0.565628472,FALSE
NDVI:WD_8E,-1.07652052,1.890707126,-0.569374551,0.569148486,FALSE
NDVI:WD_L_8NW,-1.021011945,1.806744188,-0.565111515,0.572044014,FALSE
SLO:PP_1d,-0.000335101,0.00059381,-0.564323106,0.572580281,FALSE
BH_25:GWT26_Z50011,0.021523165,0.038509842,0.558900371,0.576275224,FALSE
FO_500:WD_8W,2.01698713,3.625927944,0.556267847,0.578073022,FALSE
SE_50,0.628910211,1.130795275,0.556166288,0.578142431,FALSE
FO_500:WD_L_8_3dW,-1.790250933,3.243376595,-0.551971342,0.58101284,FALSE
FO_500:GWT26_Z50019,-1.937240297,3.510955592,-0.551770094,0.581150712,FALSE
SE_50:WS_3d,-0.034232411,0.062826521,-0.544871976,0.585885754,FALSE
WD_L_8_3dNE,0.81257381,1.495207816,0.543452088,0.586862619,FALSE
NDVI:AT,0.042471828,0.078279658,0.54256532,0.587473087,FALSE
GA_1000:GWT26_Z50016,0.842987883,1.570586977,0.536734288,0.591494586,FALSE
DEM_150:GWT26_Z50011,0.000960975,0.001807544,0.531646982,0.59501346,FALSE
NDVI:WD_L_8_3dSE,0.731423331,1.387851917,0.527018281,0.598223403,FALSE
FO_500:WD_L_8_3dS,-1.907031843,3.624468159,-0.526154944,0.598822984,FALSE
NDVI:WD_L_8NE,-1.019544701,1.943537927,-0.524581839,0.599916196,FALSE
NDVI:WD_L_8W,-0.917867287,1.759007425,-0.521809785,0.601844799,FALSE
BH_25:GWT26_Z50026,0.026696144,0.051285951,0.520535232,0.602732484,FALSE
SLO:WS_3d,0.002258527,0.004356677,0.518405933,0.604216783,FALSE
DEM_150:WD_L_8_3dSE,-0.001261004,0.002433242,-0.51824005,0.604332486,FALSE
SE_50:GR,0.329267949,0.635537552,0.518093617,0.604434632,FALSE
BH_25:WS_3d,-0.003176441,0.006144731,-0.516937319,0.605241486,FALSE
SLO:GWT26_Z5004,0.022735267,0.044356663,0.512555841,0.608303214,FALSE
SE_50:GWT26_Z50015,0.396247956,0.775892755,0.510699388,0.609602561,FALSE
BH_25:WD_L_8_3dE,0.027288609,0.054772387,0.498218367,0.61836998,FALSE
SE_50:WD_8E,-0.363676756,0.745483545,-0.487840085,0.625702006,FALSE
WD_L_8_3dSE,0.691005298,1.426789502,0.484307809,0.628206002,FALSE
NDVI:WS_3d,-0.076224035,0.158021177,-0.482365947,0.629584398,FALSE
GA_1000:GWT26_Z5007,-0.466440099,0.982028384,-0.474976189,0.634841664,FALSE
BH_25:GWT26_Z50025,0.018431112,0.038971569,0.472937383,0.636295387,FALSE
BH_25:WD_8SE,-0.03048266,0.064940753,-0.46939184,0.638826793,FALSE
GA_1000:WD_L_8S,-0.749088079,1.598325568,-0.468670523,0.639342308,FALSE
GA_1000:WD_8E,-0.654609208,1.398071536,-0.46822297,0.639662254,FALSE
GA_1000:GWT26_Z50010,-0.317879805,0.68863029,-0.461611709,0.644396307,FALSE
BH_25:GWT26_Z50010,0.015500357,0.033611036,0.461168667,0.644714071,FALSE
BH_25:GWT26_Z5006,-0.019288903,0.04193713,-0.459948109,0.645589829,FALSE
GWT26_Z50015,-0.954126496,2.135584496,-0.446775343,0.655072457,FALSE
DEM_150:WD_8SW,0.001133235,0.002549899,0.444423423,0.656771453,FALSE
SE_50:GWT26_Z50016,0.366517536,0.832918099,0.440040307,0.659942496,FALSE
FO_500:WD_8NW,1.528506916,3.508955296,0.435601707,0.66315992,FALSE
SLO:GWT26_Z50017,0.011609462,0.026693695,0.434914013,0.663658969,FALSE
SE_50:GWT26_Z5002,0.147685218,0.341431495,0.432547143,0.665377713,FALSE
WS_L,-0.025315286,0.058905523,-0.429760823,0.667403305,FALSE
FO_500:WD_8SW,1.626134651,3.832023456,0.424354044,0.671340825,FALSE
SE_50:GWT26_Z50010,0.146091827,0.344862049,0.423623961,0.671873207,FALSE
GWT26_Z50017,-0.386300906,0.924626904,-0.417791116,0.676132464,FALSE
SLO:GWT26_Z5007,0.014260541,0.03417071,0.417332311,0.676467936,FALSE
SLO:WD_8W,-0.015538565,0.037736361,-0.411766394,0.680542746,FALSE
BH_25:GWT26_Z5009,0.013580201,0.033156939,0.409573434,0.682150788,FALSE
SLO:GWT26_Z5002,-0.010226695,0.025099523,-0.407445784,0.68371232,FALSE
BH_25:WD_L_8NW,0.0563242,0.138901901,0.405496247,0.685144321,FALSE
NDVI:GWT26_Z5007,0.501600041,1.239432426,0.404701402,0.685728487,FALSE
FO_500:WD_L_8W,-1.781873622,4.469185245,-0.398702118,0.690143662,FALSE
SE_50:GWT26_Z50011,0.155985216,0.406728854,0.383511556,0.701370149,FALSE
DEM_150:GWT26_Z50024,0.003150235,0.00821913,0.383280834,0.701541174,FALSE
SLO:WD_L_8_3dNE,0.014878859,0.038975324,0.381750749,0.702675748,FALSE
DEM_150:WD_L_8_3dSW,0.00091474,0.002409469,0.379643901,0.704239083,FALSE
SLO:WD_L_8_3dSW,0.013608469,0.036018183,0.377822205,0.705591835,FALSE
GWT26_Z50026,-0.474347865,1.284483436,-0.36929076,0.711939443,FALSE
FO_500:GWT26_Z50011,0.970702257,2.635013278,0.368386097,0.712613717,FALSE
FO_500:GWT26_Z5002,0.813390946,2.216386058,0.366989741,0.713654906,FALSE
SE_50:GWT26_Z5006,-0.153234988,0.424882816,-0.360652355,0.718387046,FALSE
NDVI:WD_L_8E,-0.602308883,1.676048239,-0.359362499,0.719351516,FALSE
DEM_150:GWT26_Z5003,0.001011905,0.002904422,0.348401423,0.727565403,FALSE
NDVI:WD_L_8_3dNE,0.509014973,1.466540905,0.347085425,0.728553701,FALSE
GA_1000:GWT26_Z5002,-0.235306816,0.67903837,-0.346529484,0.728971342,FALSE
GA_1000:GWT26_Z5009,-0.233345516,0.677198365,-0.344574836,0.730440375,FALSE
NDVI:GWT26_Z50026,-0.434037203,1.260417612,-0.344359837,0.73060202,FALSE
NDVI:GR,0.54758696,1.599627806,0.342321481,0.732135131,FALSE
DEM_150:GWT26_Z50017,0.000564842,0.001658797,0.340513317,0.733496005,FALSE
SE_50:GWT26_Z5009,0.115128751,0.339096591,0.339516096,0.7342469,FALSE
FO_500:GWT26_Z5003,-1.246265445,3.681009301,-0.338566231,0.734962372,FALSE
FO_500:WD_L_8SE,-1.523679478,4.510790234,-0.337785487,0.735550629,FALSE
FO_500:WD_8E,1.53647943,4.592714167,0.334547149,0.737992231,FALSE
FO_500:GR,1.239847028,3.737848481,0.331700719,0.740140534,FALSE
FO_500:GWT26_Z50018,0.771435622,2.336950485,0.330103537,0.741346874,FALSE
BH_25:GWT26_Z5007,0.015027855,0.045913212,0.32731003,0.74345832,FALSE
WD_L_8_3dW,0.434606317,1.36087891,0.319357082,0.749480009,FALSE
SE_50:GWT26_Z5004,-0.178980576,0.563222106,-0.317779742,0.750676146,FALSE
NDVI:GWT26_Z50018,0.273389215,0.873549738,0.312963536,0.754332097,FALSE
BH_25:WD_L_8_3dW,0.016189209,0.053305023,0.303708879,0.761372669,FALSE
FO_500:WD_L_8_3dSE,-1.024899877,3.402305866,-0.301236843,0.763256672,FALSE
SLO:GWT26_Z50024,0.015427574,0.051342075,0.300485977,0.763829204,FALSE
GA_1000:GWT26_Z50025,-0.24087285,0.806409983,-0.298697753,0.76519324,FALSE
SLO:WD_8NW,-0.010590634,0.0362184,-0.292410321,0.769994977,FALSE
FO_500:WD_L_8SW,-1.314806028,4.53608528,-0.289854786,0.771949185,FALSE
SE_50:GWT26_Z50025,-0.115442637,0.410041999,-0.281538568,0.778318534,FALSE
DEM_150:GWT26_Z5007,-0.000646836,0.002308849,-0.280155243,0.779379475,FALSE
FO_500:WD_L_8E,-1.223870123,4.379213942,-0.279472558,0.779903212,FALSE
NDVI:WD_L_8SW,-0.493116011,1.773870848,-0.277988678,0.781041948,FALSE
DEM_150:WD_L_8_3dNE,-0.000706033,0.002548405,-0.277048856,0.781763415,FALSE
NDVI:PP_bool_1d,0.109312666,0.395530289,0.2763699,0.782284741,FALSE
BH_25:WD_L_8_3dNW,0.015567149,0.056422251,0.27590442,0.78264221,FALSE
BH_25:GWT26_Z50017,0.009517758,0.034613584,0.274971747,0.783358601,FALSE
SE_50:WD_L_8SE,0.196265521,0.71534746,0.274363904,0.783825587,FALSE
GWT26_Z50016,0.53027937,1.955160614,0.271220363,0.786241909,FALSE
GWT26_Z50025,0.283655618,1.047282744,0.270849128,0.786527399,FALSE
DEM_150:GWT26_Z50016,0.000906838,0.003429882,0.264393436,0.791496582,FALSE
FO_500:GWT26_Z5006,-0.72978451,2.770865667,-0.263377802,0.79227913,FALSE
GA_1000:GWT26_Z50026,0.26771597,1.035667245,0.258496125,0.796043384,FALSE
SLO:GWT26_Z50011,-0.007660667,0.029668638,-0.258207564,0.796266042,FALSE
BH_25:WD_L_8_3dSW,-0.014339447,0.056222448,-0.255048436,0.798704761,FALSE
NDVI:GWT26_Z50010,0.218831163,0.861896637,0.253894903,0.799595734,FALSE
SLO:GWT26_Z50010,0.006238055,0.025595535,0.243716545,0.807468538,FALSE
GA_1000:PP_bool_1d,-0.074586458,0.307501682,-0.242556261,0.808367256,FALSE
GWT26_Z50024,-1.019859294,4.287778562,-0.237852604,0.812013137,FALSE
GA_1000:WD_8SE,-0.293463011,1.234680613,-0.237683339,0.812144413,FALSE
SLO:GWT26_Z5009,0.005932816,0.025344458,0.234087329,0.814934608,FALSE
SE_50:WD_8NW,-0.131878525,0.572316387,-0.230429406,0.817775253,FALSE
BH_25:GWT26_Z50019,0.01072545,0.047696154,0.224870321,0.822096865,FALSE
DEM_150:WD_L_8_3dS,0.000573441,0.002551927,0.224708876,0.822222454,FALSE
SE_50:WD_L_8E,0.154257458,0.686817912,0.224597313,0.822309241,FALSE
GA_1000:WD_L_8SW,0.329049738,1.501174573,0.219194852,0.826514533,FALSE
SLO:GWT26_Z5006,-0.006613566,0.030632555,-0.215899902,0.829081785,FALSE
GA_1000:WD_L_8NW,0.326788898,1.521216014,0.214820837,0.829922935,FALSE
SLO:WD_8S,0.008327746,0.038969884,0.213696971,0.830799215,FALSE
SE_50:WD_L_8S,-0.164832202,0.779562761,-0.211441863,0.832558161,FALSE
GWT26_Z5006,0.228639144,1.086867683,0.210365206,0.833398231,FALSE
WD_L_8_3dE,-0.295738153,1.414729244,-0.209042228,0.834430756,FALSE
SLO:GWT26_Z50016,-0.011248885,0.053822574,-0.208999387,0.834464197,FALSE
SLO:GWT26_Z50019,-0.007815092,0.037431179,-0.208785614,0.834631065,FALSE
BH_25:GWT26_Z50024,-0.029672191,0.142148191,-0.208741252,0.834665694,FALSE
SLO:WD_L_8_3dE,0.007299359,0.035042029,0.208302974,0.835007835,FALSE
GA_1000:WD_L_8W,0.301947499,1.481387068,0.203827552,0.838503343,FALSE
DEM_150:WD_8S,-0.000523339,0.002570102,-0.20362555,0.838661192,FALSE
DEM_150:WD_8W,-0.000489446,0.002444527,-0.200220928,0.841322605,FALSE
FO_500:GWT26_Z50017,0.469140031,2.35424888,0.199273762,0.842063335,FALSE
SE_50:WD_L_8SW,0.144462346,0.725345671,0.19916345,0.842149613,FALSE
FO_500:GWT26_Z50024,0.916835936,4.610749959,0.198847464,0.842396766,FALSE
DEM_150:WD_8SE,-0.000535724,0.002695366,-0.198757492,0.842467142,FALSE
NDVI:WD_L_8SE,-0.337590817,1.746471752,-0.193298756,0.846739276,FALSE
NDVI:WD_L_8_3dSW,0.269408384,1.396945104,0.192855384,0.847086469,FALSE
FO_500:GWT26_Z50026,-0.600193714,3.219060414,-0.186449969,0.852105662,FALSE
SLO:GWT26_Z50026,0.006695482,0.036565866,0.183107438,0.854727218,FALSE
NDVI:GWT26_Z5009,0.150577477,0.846877814,0.177803073,0.85889073,FALSE
GA_1000:WD_8NW,0.187966144,1.066223248,0.176291546,0.860077884,FALSE
GWT26_Z5007,0.223023566,1.26662108,0.176077573,0.860245964,FALSE
SE_50:GWT26_Z50026,-0.089627527,0.511286673,-0.175297992,0.860858395,FALSE
FO_500:PP_1d,0.009450281,0.054257189,0.174175655,0.861740238,FALSE
FO_500:GWT26_Z50010,-0.400327226,2.301165817,-0.173967136,0.861904095,FALSE
BH_25:PP_1d,-0.000151667,0.000879688,-0.172410625,0.863127407,FALSE
BH_25,0.027218595,0.162633284,0.167361772,0.867097708,FALSE
SLO:WD_L_8_3dS,-0.006196666,0.038161672,-0.162379308,0.871019095,FALSE
NDVI:GWT26_Z5004,0.23214353,1.432555062,0.162048591,0.871279494,FALSE
SE_50:GWT26_Z50024,-0.109373934,0.686779213,-0.159256326,0.873478623,FALSE
DEM_150:GWT26_Z5008,0.000336687,0.002167278,0.155350129,0.876556699,FALSE
SLO:WD_8SE,0.006428513,0.041403431,0.155265227,0.876623623,FALSE
GA_1000:GWT26_Z50017,0.111663983,0.72246053,0.154560669,0.877179021,FALSE
GWT26_Z5004,0.233239531,1.521632211,0.153282462,0.878186777,FALSE
BH_25:WD_L_8_3dSE,0.00842632,0.055108299,0.15290473,0.878484624,FALSE
FO_500:GWT26_Z50025,0.395445971,2.611793364,0.151407832,0.879665117,FALSE
SE_50:WD_8SW,-0.092370313,0.61484855,-0.150232627,0.880592103,FALSE
SE_50:WD_L_8NE,-0.119103975,0.810983505,-0.146863622,0.883250431,FALSE
GA_1000,0.305624481,2.253113448,0.135645403,0.892111539,FALSE
SLO:WD_L_8_3dW,-0.004570208,0.034028598,-0.134304929,0.893171284,FALSE
BH_25:GWT26_Z5004,-0.007064715,0.052655737,-0.134168005,0.893279543,FALSE
GA_1000:WD_8S,-0.150353909,1.146838315,-0.13110297,0.895703441,FALSE
DEM_150:GWT26_Z5004,-0.000359674,0.0027487,-0.130852544,0.895901527,FALSE
GWT26_Z5005,3.901035168,30.05421638,0.12979993,0.896734212,FALSE
SE_50:GWT26_Z50019,-0.061023038,0.479161035,-0.127353924,0.898669594,FALSE
DEM_150:GWT26_Z5005,-0.006656391,0.053054918,-0.12546228,0.900166756,FALSE
NDVI:GWT26_Z50024,-0.228893847,1.852813442,-0.123538529,0.901689694,FALSE
FO_500:WD_8SE,0.441580132,4.106271483,0.107537978,0.914370043,FALSE
SLO:WD_L_8_3dNW,0.00385849,0.036530035,0.10562513,0.915887489,FALSE
SE_50:WD_L_8NW,-0.076421706,0.738263718,-0.103515457,0.917561431,FALSE
NDVI:WD_L_8S,0.191810635,1.892995989,0.101326488,0.919298677,FALSE
SE_50:WD_8W,-0.055351417,0.591356688,-0.093600729,0.925433149,FALSE
FO_500:WD_8S,-0.339527702,3.794008955,-0.089490485,0.928698632,FALSE
SLO:WD_8E,-0.004382822,0.049447082,-0.088636613,0.929377163,FALSE
DEM_150:GR_3d,5.56165396383014e-07,6.63523416818414e-06,0.08382001,0.933205639,FALSE
DEM_150:WD_L_8_3dE,0.000193662,0.002414691,0.080201365,0.936082941,FALSE
SLO,0.005774986,0.074270543,0.077756078,0.938027742,FALSE
SLO:WD_8SW,-0.003033321,0.039371019,-0.077044512,0.938593739,FALSE
BH_25:WD_L_8_3dS,0.004604715,0.060507296,0.07610182,0.939343628,FALSE
GR,-0.122380967,1.622816581,-0.075412692,0.939891847,FALSE
GA_1000:GWT26_Z50018,0.052540382,0.698326482,0.075237562,0.940031171,FALSE
GA_1000:GWT26_Z5008,0.071098153,0.944990149,0.075236925,0.940031678,FALSE
GA_1000:GWT26_Z50011,0.059323057,0.800583496,0.074099775,0.940936383,FALSE
BH_25:GWT26_Z5005,-0.00391672,0.060581147,-0.064652463,0.948455412,FALSE
SE_50:GWT26_Z50017,0.022626376,0.359149542,0.062999876,0.949771182,FALSE
SLO:WD_L_8_3dSE,-0.002071577,0.035724342,-0.05798783,0.953762535,FALSE
SE_50:WD_L_8W,-0.039913843,0.719564496,-0.055469445,0.955768502,FALSE
SE_50:GWT26_Z5007,-0.02548231,0.494093178,-0.051573895,0.958871966,FALSE
GA_1000:WD_L_8NE,0.063293673,1.614395989,0.039205792,0.968729162,FALSE
GWT26_Z5002,-0.033640731,0.864300424,-0.038922497,0.968955005,FALSE
SLO:GWT26_Z50018,0.000997317,0.02570777,0.038794372,0.969057148,FALSE
WD_L_8_3dSW,-0.0444469,1.41133145,-0.031492886,0.974878751,FALSE
FO_500:GWT26_Z5009,-0.071338807,2.305945802,-0.030936896,0.97532211,FALSE
BH_25:WD_L_8_3dNE,0.00177858,0.05773637,0.030805198,0.975427131,FALSE
FO_500:GR_3d,0.000195385,0.008541629,0.022874429,0.981752097,FALSE
FO_500,0.159684445,7.293349171,0.021894529,0.982533677,FALSE
NDVI:GWT26_Z50017,-0.019266442,0.897591727,-0.021464593,0.982876605,FALSE
DEM_150:GWT26_Z50015,7.78894965899685e-05,0.004024977,0.01935154,0.984562072,FALSE
FO_500:PP_bool_1d,0.005597574,0.936644971,0.005976196,0.995232147,FALSE
BH_25:GR,0.000100153,0.058137091,0.001722697,0.998625612,FALSE
FO_500:GWT26_Z5005,NA,NA,NA,NA,NA
FO_500:GWT26_Z50012,NA,NA,NA,NA,NA
GA_1000:GWT26_Z5005,NA,NA,NA,NA,NA
GA_1000:GWT26_Z50012,NA,NA,NA,NA,NA
NDVI:GWT26_Z5005,NA,NA,NA,NA,NA
NDVI:GWT26_Z50012,NA,NA,NA,NA,NA
SE_50:GWT26_Z5005,NA,NA,NA,NA,NA
SE_50:GWT26_Z50012,NA,NA,NA,NA,NA
SLO:GWT26_Z5005,NA,NA,NA,NA,NA
SLO:GWT26_Z50012,NA,NA,NA,NA,NA
