"term","estimate","std.error","statistic","p.value","significant"
"AD",0.0198560892026061,0.0849887232151251,0.233632044951963,0.815282146276032,FALSE
"GA_25",18.9953853235745,17.0892171441429,1.11154215920798,0.266399304363633,FALSE
"BUL_250",55.0751633853206,57.3473675796529,0.960378230244373,0.33692071881436,FALSE
"AC_750",34.4643036344449,26.4320494858673,1.30388313826638,0.192345592394617,FALSE
"FO_1000",7.35784263215147,89.2281011466625,0.0824610468854148,0.934284061083779,FALSE
"TPI_500",2412.90717601761,3829.3632248653,0.630106635053529,0.528659435058279,FALSE
"VH_150",3.94374180081464,2.02703127072992,1.94557521522326,0.0517730722368538,FALSE
"WA_150",16.6232349612133,31.2220296143724,0.532420062581749,0.594463534873357,FALSE
"WS",-0.0126552226667765,0.0437812833884927,-0.289055543540844,0.772553279896248,FALSE
"PP_bool",-0.459892512850498,0.145560076585377,-3.15946874746765,0.00159190661730394,TRUE
"GR_1d",0.00673243459110357,0.00129118692051277,5.21414404386154,1.93641563487432e-07,TRUE
"CAP272",0.0130994744731018,0.235900755413345,0.0555295995137823,0.955719216610552,FALSE
"CAP273",-0.0710075341318355,0.186972987325676,-0.379774293321592,0.704132356965475,FALSE
"CAP274",-0.0535064805901452,0.185810804816951,-0.287962159374189,0.773390053147759,FALSE
"CAP275",-0.293543888958643,0.277738436076616,-1.05690769021853,0.290615104204318,FALSE
"CAP276",0.0466925071592913,0.21449127261734,0.217689543213221,0.827681690666227,FALSE
"CAP277",0.278838137226628,0.252075443622437,1.10616938016492,0.268717192773092,FALSE
"CAP278",-0.0192410521102809,0.527483532897288,-0.0364770668850957,0.970903715110427,FALSE
"CAP279",-0.386621821826358,0.324681875777383,-1.19077118456542,0.233811381134765,FALSE
"CAP2710",-0.616634989283824,0.313006419714661,-1.97003943192588,0.0489000978446427,TRUE
"CAP2712",-0.479778432047242,0.372070198172937,-1.28948363616116,0.197301706300098,FALSE
"CAP2714",-0.338612013192076,0.352808476490568,-0.959761558339795,0.337231024787295,FALSE
"CAP2715",0.427817268939592,0.417078735269166,1.02574701791856,0.305070500025934,FALSE
"CAP2717",0.0850407478204129,0.306332219893285,0.277609543815006,0.781325903222891,FALSE
"CAP2718",-0.186744021498999,0.89817104506449,-0.207915878078202,0.835304831409333,FALSE
"CAP2719",0.44303769750079,0.373358036332763,1.18662960051012,0.235441532710734,FALSE
"CAP2721",0.425726490359458,0.384901270127586,1.10606673295294,0.268761610597429,FALSE
"CAP2722",-0.868179504262953,0.354623552010015,-2.44817215140419,0.0143993401795735,TRUE
"CAP2723",-0.59449289078971,0.684863600053999,-0.868045682005638,0.385419408622673,FALSE
"CAP2724",2.0334203510223,0.607350216212173,3.34801947335101,0.000821148668678897,TRUE
"RH_1d",-0.00919030897355536,0.0132551525421963,-0.693338605066902,0.488135798500634,FALSE
"WT",0.17983772395318,0.0284094296726694,6.33021239867371,2.7074833275171e-10,TRUE
"AT",-0.144504149255066,0.0216569277476506,-6.67242145048676,2.84713681315643e-11,TRUE
"WD_8E",-1.38909090586435,0.768320111630279,-1.80795853816305,0.0706851635082227,FALSE
"WD_8SE",-0.557914533679568,0.524513320617053,-1.06368039046791,0.287535263940455,FALSE
"WD_8S",-0.341495954617666,0.485389413794106,-0.703550479085072,0.481752143956492,FALSE
"WD_8SW",0.380203178757041,0.489398919870509,0.776877846108937,0.437275024856811,FALSE
"WD_8W",-0.402025585432667,0.490303509983408,-0.819952493194005,0.412290177763277,FALSE
"WD_8NW",-0.54201530567537,0.484488682704905,-1.11873677347692,0.263317062423961,FALSE
"PA_1d",0.0216719899401432,0.021236491012101,1.02050710391816,0.307547378806451,FALSE
"AD:WS",0.000424577943838215,0.000188151893609166,2.25657013434135,0.0240866497984656,TRUE
"GA_25:WS",-0.0645154555446845,0.0381026114446643,-1.69320298789439,0.0904917245750492,FALSE
"BUL_250:WS",-0.169358744321094,0.124960343305552,-1.35529992828988,0.175395616600706,FALSE
"AC_750:WS",-0.029458268891046,0.0589936560098809,-0.499346385416628,0.61756179552551,FALSE
"FO_1000:WS",-0.00704576639554183,0.190155724235698,-0.0370526126618655,0.970444833934091,FALSE
"TPI_500:WS",-3.24561252219743,8.22062703543027,-0.394813255510692,0.693000957174739,FALSE
"VH_150:WS",-0.00600428218232297,0.00504030437970024,-1.19125388667104,0.233621908759852,FALSE
"WA_150:WS",0.0274492240100658,0.0698660134332197,0.392883787999478,0.694425451567833,FALSE
"AD:PP_bool",-0.000114206818665393,0.000655293722331669,-0.174283401127393,0.861651226270816,FALSE
"GA_25:PP_bool",0.0605958665786609,0.123639265496622,0.490102123587239,0.624087487498503,FALSE
"BUL_250:PP_bool",-0.207091235961379,0.411955212925302,-0.50270327808409,0.615199521798786,FALSE
"AC_750:PP_bool",0.414668987440312,0.191933943601049,2.16047760839133,0.0307926491772326,TRUE
"FO_1000:PP_bool",-0.614629960319657,0.628312152707374,-0.978223893444109,0.328020497876299,FALSE
"TPI_500:PP_bool",-36.988987841415,27.2516174200217,-1.35731348606998,0.174755272645727,FALSE
"VH_150:PP_bool",-0.0136553594322646,0.0162980252838048,-0.837853616893931,0.402161067399269,FALSE
"WA_150:PP_bool",-0.113901884189893,0.22569552354745,-0.50467055083592,0.613816985478225,FALSE
"AD:GR_1d",2.61367506158733e-05,5.40679240284176e-06,4.83405847099586,1.3860598009554e-06,TRUE
"GA_25:GR_1d",-0.00205156623007249,0.00109627886189839,-1.87139084896689,0.0613610752481888,FALSE
"BUL_250:GR_1d",-0.000389347540551361,0.00367614713560337,-0.105911849060812,0.915657400526,FALSE
"AC_750:GR_1d",-0.00696447644043866,0.00169958400504397,-4.097753579564,4.25129143604873e-05,TRUE
"FO_1000:GR_1d",-0.0011108530469467,0.00567219583113537,-0.195841800956359,0.844743558641402,FALSE
"TPI_500:GR_1d",-0.179685661448794,0.242888440849407,-0.739786796030368,0.459471126888185,FALSE
"VH_150:GR_1d",-3.60782519860043e-05,0.000135871246665488,-0.265532648528854,0.790612322908423,FALSE
"WA_150:GR_1d",-0.000607037971955932,0.001991640377167,-0.304792963084737,0.76053909201586,FALSE
"AD:CAP272",0.000883573074361416,0.000968376344554206,0.912427362905246,0.36159667592878,FALSE
"AD:CAP273",-0.000292783179319137,0.000781160932347651,-0.374805199793114,0.707824457024251,FALSE
"AD:CAP274",0.000145110246390642,0.00079079265191759,0.1834997404677,0.854414867473521,FALSE
"AD:CAP275",-0.000813163933430397,0.00110731118529111,-0.734358998836105,0.462771368091566,FALSE
"AD:CAP276",-0.000949828453714169,0.00085405690135862,-1.11213720327439,0.266143443572386,FALSE
"AD:CAP277",0.000753484904578333,0.00103748961011293,0.726257783435843,0.467721623485518,FALSE
"AD:CAP278",0.00808143980349082,0.0105951560384538,0.762748540385835,0.445656633879257,FALSE
"AD:CAP279",-0.00163208564325433,0.00137331523596172,-1.18842753689498,0.234732868799921,FALSE
"AD:CAP2710",-0.00311655758488897,0.00131523415004771,-2.36958383781011,0.0178535119522626,TRUE
"AD:CAP2712",0.00380384374196467,0.0015920704687844,2.3892433259371,0.0169274147794689,TRUE
"AD:CAP2714",-0.000180227629141886,0.00134573641845647,-0.133924910309407,0.893468431998482,FALSE
"AD:CAP2715",-0.00136360999097684,0.00184421625321798,-0.7393980985676,0.459707025848183,FALSE
"AD:CAP2717",0.00335118707319232,0.00131269838067209,2.55289952553804,0.0107184356171847,TRUE
"AD:CAP2718",0.000347177278498572,0.00300263935201468,0.115624035322666,0.90795609524147,FALSE
"AD:CAP2719",0.0014941144822796,0.00177526946015269,0.841626871760129,0.40004523219468,FALSE
"AD:CAP2721",0.00233716810956804,0.00152431040792768,1.53326258051695,0.125287231017336,FALSE
"AD:CAP2722",-0.00423215166843608,0.00131193002803661,-3.22589740153274,0.00126550989256924,TRUE
"AD:CAP2723",-0.0010172119074884,0.00298145228910102,-0.341180005196433,0.732985309503715,FALSE
"AD:CAP2724",-0.0011703808880793,0.0076675920040073,-0.152639953647459,0.878689620107489,FALSE
"GA_25:CAP272",-0.0907846145406106,0.199151538684629,-0.455856957672693,0.648516642836277,FALSE
"GA_25:CAP273",-0.110188807987886,0.157460155979376,-0.699788510322054,0.484098529338173,FALSE
"GA_25:CAP274",-0.0124627885915275,0.158398452654297,-0.078679989499187,0.937290947304105,FALSE
"GA_25:CAP275",-0.0275724124431617,0.230779933569384,-0.119474912817202,0.904904884790356,FALSE
"GA_25:CAP276",-0.0716319808514749,0.177782102875521,-0.40292008977771,0.68702772155493,FALSE
"GA_25:CAP277",-0.124218998445978,0.213897950527954,-0.580739544906222,0.561447470942943,FALSE
"GA_25:CAP278",0.0461572893249011,0.458591475655008,0.100650124948299,0.919833056183215,FALSE
"GA_25:CAP279",-0.202640268232052,0.269357867680337,-0.752308703574005,0.4519080096085,FALSE
"GA_25:CAP2710",0.154650609858737,0.272913933128915,0.566664398866313,0.570972790954933,FALSE
"GA_25:CAP2712",0.118561391877088,0.315750225440023,0.375491075934666,0.707314430981634,FALSE
"GA_25:CAP2714",0.0457457551502203,0.295518046155678,0.154798516521463,0.87698767223498,FALSE
"GA_25:CAP2715",-0.0338375902550832,0.349496623849368,-0.0968180747567599,0.922875534780436,FALSE
"GA_25:CAP2717",0.043299791237129,0.275101839517739,0.157395498747063,0.874940801165804,FALSE
"GA_25:CAP2718",0.392929144110172,0.810839749238356,0.484595315509953,0.627988956631864,FALSE
"GA_25:CAP2719",-0.160048186419776,0.329186079901438,-0.486193664287675,0.626855478787196,FALSE
"GA_25:CAP2721",-0.15589658959948,0.341066401152151,-0.457085743634813,0.647633289797122,FALSE
"GA_25:CAP2722",0.217556220564187,0.284603718718311,0.764418053087758,0.444661521004786,FALSE
"GA_25:CAP2723",-0.284353628221585,0.586063172262812,-0.485192794359838,0.62756514828299,FALSE
"GA_25:CAP2724",-0.402237375496309,0.51814039510393,-0.77630962437435,0.437610336607711,FALSE
"BUL_250:CAP272",-0.294383970293846,0.673006569277799,-0.437416191360136,0.66183225593091,FALSE
"BUL_250:CAP273",-0.539614672817622,0.534223637997528,-1.01009134459175,0.312510289248554,FALSE
"BUL_250:CAP274",-0.224319117152095,0.521000593548778,-0.430554436846517,0.666814687191736,FALSE
"BUL_250:CAP275",-0.0842101456257982,0.790108927374362,-0.106580425442907,0.91512698872015,FALSE
"BUL_250:CAP276",-0.132196216073516,0.602310538066128,-0.21948182493696,0.826285507133873,FALSE
"BUL_250:CAP277",-0.00256523318796532,0.720868718586252,-0.00355853031464062,0.997160880262958,FALSE
"BUL_250:CAP278",-1.35505216463039,1.43759842574542,-0.942580445528638,0.345950293409352,FALSE
"BUL_250:CAP279",0.226105634345061,0.930012182053481,0.243121153365773,0.80792353435788,FALSE
"BUL_250:CAP2710",0.734892030174239,0.902469145019501,0.814312637977621,0.415512493282994,FALSE
"BUL_250:CAP2712",0.242915498207596,1.06854326021246,0.227333330575028,0.82017573128324,FALSE
"BUL_250:CAP2714",0.332057317504531,0.984541371020884,0.337271065775749,0.735929588730584,FALSE
"BUL_250:CAP2715",-1.05885399644016,1.19154985835396,-0.888635913148351,0.374250174913423,FALSE
"BUL_250:CAP2717",-1.28987117851948,0.887073936519451,-1.45407403533966,0.146001238050425,FALSE
"BUL_250:CAP2718",0.0301498189297446,2.47082625888887,0.0122023225312908,0.990264782117225,FALSE
"BUL_250:CAP2719",-1.13828012824939,1.04432263583133,-1.08996979400265,0.275789597249393,FALSE
"BUL_250:CAP2721",-0.911657813274815,1.11161704036584,-0.820118602153473,0.412195497110054,FALSE
"BUL_250:CAP2722",0.0770128621510399,1.01049595313017,0.0762129347598875,0.939253357901874,FALSE
"BUL_250:CAP2723",-0.708879066980624,1.85056759805992,-0.38306034738952,0.701694596386409,FALSE
"BUL_250:CAP2724",-2.61357864382731,1.71538291979032,-1.5236123746334,0.127681599622907,FALSE
"AC_750:CAP272",-0.077689863085256,0.305692447206406,-0.25414387498033,0.799396972083146,FALSE
"AC_750:CAP273",-0.0228435898755633,0.243602863446549,-0.0937738972045198,0.925293284335668,FALSE
"AC_750:CAP274",-0.0258843780198837,0.24025296606179,-0.107738016492278,0.914208709043507,FALSE
"AC_750:CAP275",0.327965391960168,0.358562842403881,0.914666421543903,0.3604198021226,FALSE
"AC_750:CAP276",-0.0671550115375273,0.27864267513946,-0.241007632818327,0.809561080720746,FALSE
"AC_750:CAP277",-0.356457162891193,0.323988196189206,-1.10021651123063,0.271301474280055,FALSE
"AC_750:CAP278",-0.0118223597911304,0.689575026859065,-0.0171444140675742,0.986322229173226,FALSE
"AC_750:CAP279",0.411779865617672,0.432620425412431,0.951827147840072,0.341239962481089,FALSE
"AC_750:CAP2710",0.672442066692856,0.415717401729205,1.61754611160319,0.105836284294398,FALSE
"AC_750:CAP2712",0.799530998932573,0.488008687772801,1.6383540272234,0.101423505672881,FALSE
"AC_750:CAP2714",0.349938506474628,0.453886660637326,0.77098213457796,0.440761317629259,FALSE
"AC_750:CAP2715",-0.449124504889635,0.540068269317508,-0.831606910469301,0.405678602576642,FALSE
"AC_750:CAP2717",-0.1460043748627,0.406604430643491,-0.359082105012073,0.719551896371388,FALSE
"AC_750:CAP2718",0.315942085877394,1.20410157775664,0.262388233446238,0.793035138669104,FALSE
"AC_750:CAP2719",-0.635139533290389,0.500635194455487,-1.26866736562777,0.204630728282664,FALSE
"AC_750:CAP2721",-0.462539350066095,0.508728681697161,-0.909206354402951,0.36329389477356,FALSE
"AC_750:CAP2722",0.819831556830537,0.457931618887599,1.79029253062294,0.0734796100069219,FALSE
"AC_750:CAP2723",0.228043144521769,0.871889523293746,0.261550504311932,0.793680959030333,FALSE
"AC_750:CAP2724",-2.06494952226394,0.775073130377407,-2.66419959786047,0.00774695391950952,TRUE
"FO_1000:CAP272",-0.072484827733144,1.00822769560538,-0.0718933114504665,0.942690269837004,FALSE
"FO_1000:CAP273",-0.106291581502034,0.808045597553306,-0.13154156377298,0.895353271658825,FALSE
"FO_1000:CAP274",-0.474533064974021,0.821608918464395,-0.577565620710318,0.563588688414988,FALSE
"FO_1000:CAP275",-0.131594756732001,1.18898458217824,-0.110678270100792,0.911876818372662,FALSE
"FO_1000:CAP276",-0.679928735443479,0.899882559909114,-0.755574966929185,0.449946857885583,FALSE
"FO_1000:CAP277",-0.4592767551888,1.11139671720805,-0.413242857458275,0.679449995601901,FALSE
"FO_1000:CAP278",-0.725118052890982,2.27665787083759,-0.318501107337752,0.750120847524036,FALSE
"FO_1000:CAP279",-1.62313315116764,1.4286931491141,-1.13609640542765,0.255981679015055,FALSE
"FO_1000:CAP2710",-0.0849519933338669,1.4446469368877,-0.0588046748064856,0.953110510077961,FALSE
"FO_1000:CAP2712",0.111321346347277,1.61116554336649,0.0690936737106938,0.944918378248835,FALSE
"FO_1000:CAP2714",1.37287948925414,1.46089351882433,0.939753289041206,0.347398698585567,FALSE
"FO_1000:CAP2715",-0.918060674650914,1.85553996650997,-0.494767394516255,0.620790457225258,FALSE
"FO_1000:CAP2717",-0.124854655891026,1.38347640497398,-0.0902470439265456,0.928095246925651,FALSE
"FO_1000:CAP2718",-0.0129106643450072,3.554276009053,-0.00363243155909188,0.997101919526494,FALSE
"FO_1000:CAP2719",0.251282982272433,1.6107172450835,0.156006886397623,0.876035164593247,FALSE
"FO_1000:CAP2721",-1.54095859987434,1.73430675191303,-0.8885155974712,0.374314853267504,FALSE
"FO_1000:CAP2722",-0.335279575128147,1.39971470037604,-0.239534224394494,0.810703165132768,FALSE
"FO_1000:CAP2723",0.552536502324357,3.9019602915209,0.141604850137773,0.887398994106911,FALSE
"FO_1000:CAP2724",-4.39871077465155,3.12446491430754,-1.40782850673374,0.159256594647754,FALSE
"TPI_500:CAP272",-46.0671757690331,43.1470032160966,-1.06767961469563,0.285727025573889,FALSE
"TPI_500:CAP273",-20.2726397171932,34.8388737276145,-0.581897103669123,0.560667530318908,FALSE
"TPI_500:CAP274",-48.8003242796738,35.0051834314209,-1.39408851764137,0.163365348601573,FALSE
"TPI_500:CAP275",-24.0292029170829,51.3621268664076,-0.467838938593462,0.639924285809127,FALSE
"TPI_500:CAP276",-45.5617058327238,38.9181284160147,-1.17070649815666,0.241783845539152,FALSE
"TPI_500:CAP277",-76.4194266678268,47.537111480137,-1.60757404664265,0.108004406846868,FALSE
"TPI_500:CAP278",-38.65620977477,106.1456920697,-0.364180674891513,0.715741609979641,FALSE
"TPI_500:CAP279",-121.248422480766,61.3121931674964,-1.97755807151658,0.048044501483224,TRUE
"TPI_500:CAP2710",-8.79131272474649,62.1667944949135,-0.141414927312455,0.887549011529023,FALSE
"TPI_500:CAP2712",-108.814764046514,69.42584300213,-1.56735243449871,0.117108411405625,FALSE
"TPI_500:CAP2714",30.5847817539878,62.972621949944,0.485683790938532,0.627216962732293,FALSE
"TPI_500:CAP2715",-87.0127505805397,79.2496134327367,-1.09795804435554,0.272286370367989,FALSE
"TPI_500:CAP2717",-57.6139798978909,59.6584514066112,-0.965730395936933,0.334235255855032,FALSE
"TPI_500:CAP2718",-66.3956915765018,149.402748443331,-0.444407430708585,0.65677116515757,FALSE
"TPI_500:CAP2719",-75.0725130700361,68.3612489955117,-1.09817351457351,0.272192300343375,FALSE
"TPI_500:CAP2721",-94.1028335227683,74.2105670770743,-1.26805167012178,0.20485047933101,FALSE
"TPI_500:CAP2722",-62.1822083930569,61.4197189186328,-1.01241440839927,0.311398846218644,FALSE
"TPI_500:CAP2723",-73.3142118305504,145.223334916943,-0.504837682404696,0.613699593944614,FALSE
"TPI_500:CAP2724",-125.185158098536,176.110162929892,-0.71083437784548,0.477226734585258,FALSE
"VH_150:CAP272",0.0369712578484622,0.0233896095978225,1.58067015585862,0.114029517804143,FALSE
"VH_150:CAP273",-0.0303368935008478,0.0177654940987497,-1.70763015834065,0.0877796204652442,FALSE
"VH_150:CAP274",-0.0104425689112479,0.0178896546408618,-0.583721101434568,0.559439622220953,FALSE
"VH_150:CAP275",-0.00619382610386126,0.0302614399081519,-0.204677177380206,0.837834368232858,FALSE
"VH_150:CAP276",0.00144108861463999,0.0294155953916329,0.0489906321953933,0.960929113801146,FALSE
"VH_150:CAP277",0.00882752887816049,0.0240956509575523,0.3663536168295,0.714119860756918,FALSE
"VH_150:CAP278",0.0165146670322425,0.0434934868733381,0.379704369997664,0.704184262775991,FALSE
"VH_150:CAP279",-0.00325941868337847,0.0378597191944177,-0.0860919930927291,0.931397432757489,FALSE
"VH_150:CAP2710",0.0305119347383362,0.0336471589401639,0.906820536990858,0.364554242716444,FALSE
"VH_150:CAP2712",0.0779306995414502,0.0390303019209702,1.99667170649222,0.0459259243841375,TRUE
"VH_150:CAP2714",-0.0141537108983143,0.0341943030424285,-0.413920145725802,0.678953933129792,FALSE
"VH_150:CAP2715",-0.0483946658610807,0.0472082627874568,-1.02513125888503,0.305360877463537,FALSE
"VH_150:CAP2717",-0.0093388560682256,0.0287689244184875,-0.324616100775191,0.745487965788356,FALSE
"VH_150:CAP2718",0.0455270898343232,0.0741400663748411,0.614068641429927,0.539203555935389,FALSE
"VH_150:CAP2719",-0.092342454241062,0.0393949555176171,-2.34401722321446,0.0191241141385105,TRUE
"VH_150:CAP2721",-0.0272776298455871,0.0375853205314593,-0.725752220810661,0.468031518059065,FALSE
"VH_150:CAP2722",0.00278062745620205,0.0335831137171656,0.0827983813418934,0.934015840753718,FALSE
"VH_150:CAP2723",-0.0600719717769492,0.243634169981362,-0.246566283299033,0.805256069639038,FALSE
"VH_150:CAP2724",0.0180697463006667,0.0557288949471529,0.324243757530129,0.74576980177243,FALSE
"WA_150:CAP272",0.0660638033945066,0.363443401838245,0.181771915683062,0.855770583595346,FALSE
"WA_150:CAP273",0.0740661390460368,0.287335600601706,0.257768751560669,0.796598135483411,FALSE
"WA_150:CAP274",-0.0489944475531962,0.284120280922069,-0.172442626743125,0.863097953348982,FALSE
"WA_150:CAP275",-0.135947474092987,0.431873853984981,-0.314785145797954,0.752940581669661,FALSE
"WA_150:CAP276",-0.0787975326224908,0.327796044437864,-0.24038585565491,0.810042990090786,FALSE
"WA_150:CAP277",-0.0721530425516398,0.392599596064168,-0.183782773275821,0.854192830189764,FALSE
"WA_150:CAP278",-0.0957704870254052,0.769437268375553,-0.124468219777809,0.900950576803497,FALSE
"WA_150:CAP279",-0.742858706048389,0.521728114409796,-1.42384258300657,0.154567062770144,FALSE
"WA_150:CAP2710",0.021110674344937,0.493849431499539,0.0427471877022029,0.965905115598625,FALSE
"WA_150:CAP2712",0.172238284185971,0.575458977032062,0.299305929806312,0.764721586009158,FALSE
"WA_150:CAP2714",0.199138404856734,0.527660239618433,0.377398920564372,0.70589642549453,FALSE
"WA_150:CAP2715",-0.203422048397589,0.684478325093969,-0.297192826916268,0.766334139971889,FALSE
"WA_150:CAP2717",-0.313340027023287,0.484061005343479,-0.647315159792613,0.517463718276125,FALSE
"WA_150:CAP2718",-0.0378242062122063,1.16795179793356,-0.0323850746915483,0.97416651891447,FALSE
"WA_150:CAP2719",0.0319166401057258,0.602324335906638,0.0529891259626491,0.957743116679241,FALSE
"WA_150:CAP2721",-0.391104834416406,0.582139058157055,-0.671840909721076,0.501722298347552,FALSE
"WA_150:CAP2722",-0.600773638674293,0.515212773777378,-1.1660689898459,0.243653416608724,FALSE
"WA_150:CAP2723",-0.471406779754909,1.01730783561188,-0.463386561326713,0.643111557261057,FALSE
"WA_150:CAP2724",-1.12867900327254,1.04618464410183,-1.07885258079039,0.280716014674872,FALSE
"AD:RH_1d",0.00010721685277773,5.5578939133667e-05,1.9290913869348,0.0537874786429038,FALSE
"GA_25:RH_1d",-0.00968387411027924,0.0113306325986763,-0.854663146646423,0.392786885687129,FALSE
"BUL_250:RH_1d",-0.0393963846098523,0.0378894751850589,-1.03977118757738,0.29850665994218,FALSE
"AC_750:RH_1d",-0.000520146831007058,0.017555153583293,-0.0296292953826433,0.976364122869735,FALSE
"FO_1000:RH_1d",0.0135450567698036,0.0574552448240808,0.235749700680529,0.813638508886467,FALSE
"TPI_500:RH_1d",-1.04401825099339,2.48607458490028,-0.419946471974116,0.674546250404556,FALSE
"VH_150:RH_1d",-0.0019137909110285,0.00144878984468769,-1.32095825909178,0.186587956180272,FALSE
"WA_150:RH_1d",-0.00629457469935149,0.020594625035469,-0.305641626808484,0.759892818989466,FALSE
"AD:WT",0.000791390724529175,0.000117937461401905,6.7102574120388,2.20443456714939e-11,TRUE
"GA_25:WT",-0.0296544120993359,0.0241353339684452,-1.22867212602512,0.219264278969726,FALSE
"BUL_250:WT",-0.146026185453942,0.0800395562932604,-1.82442522443416,0.0681595231810562,FALSE
"AC_750:WT",-0.163225195767539,0.0373569681109283,-4.36933734244322,1.27662722362785e-05,TRUE
"FO_1000:WT",-0.124436062641537,0.125597861610701,-0.990749850719872,0.32186537845155,FALSE
"TPI_500:WT",-7.42822808446539,5.39827192915827,-1.37603814367752,0.168883913098443,FALSE
"VH_150:WT",-0.00169043224530481,0.00303047413807946,-0.557811143828507,0.577003374891312,FALSE
"WA_150:WT",0.179515670917251,0.044078660334875,4.07262084540301,4.735237006797e-05,TRUE
"AD:AT",-0.000531213351168741,8.81766304331923e-05,-6.02442334844286,1.84404079865323e-09,TRUE
"GA_25:AT",0.0276087079675996,0.0181768698456121,1.51889231765965,0.128865613129145,FALSE
"BUL_250:AT",0.0978277055711262,0.0615400089934981,1.58966024170491,0.111987417050087,FALSE
"AC_750:AT",0.119781850450371,0.0284058705998444,4.21679913063559,2.53064287461055e-05,TRUE
"FO_1000:AT",0.0204372454284294,0.0957644117861395,0.213411694879615,0.831016319824654,FALSE
"TPI_500:AT",8.26798880907685,4.11527264163997,2.00909867439111,0.0445911704419887,TRUE
"VH_150:AT",-0.000248553832532797,0.00233318297270345,-0.106529935903312,0.915167043032995,FALSE
"WA_150:AT",-0.185203858336796,0.0335859137418971,-5.51433138785685,3.71351372119118e-08,TRUE
"AD:WD_8E",-0.00140222283873208,0.00778429493006133,-0.180134855029321,0.857055475819118,FALSE
"AD:WD_8SE",-0.00258054004408256,0.00207572652618741,-1.24319847124677,0.213864782635676,FALSE
"AD:WD_8S",-0.00246885458124821,0.00192488510488402,-1.28259841326839,0.199704283906765,FALSE
"AD:WD_8SW",0.00125028642481482,0.00192886029082447,0.648199577109031,0.516891658846829,FALSE
"AD:WD_8W",-0.00082448603749024,0.00192573702639935,-0.428140512534999,0.668570992527425,FALSE
"AD:WD_8NW",-0.0026205459335194,0.00190216102327595,-1.37766776915985,0.168380011902126,FALSE
"GA_25:WD_8E",0.475336972657844,0.654873189347364,0.72584582845964,0.467974130824901,FALSE
"GA_25:WD_8SE",0.224151016798099,0.435449893823362,0.51475731186887,0.606749972825117,FALSE
"GA_25:WD_8S",0.0657427946594267,0.40198925226219,0.163543662646352,0.870098344404707,FALSE
"GA_25:WD_8SW",0.0171107504181852,0.405928371559549,0.0421521421438143,0.96637943706451,FALSE
"GA_25:WD_8W",0.0982021061650752,0.406979879900815,0.241294744568228,0.809338578671855,FALSE
"GA_25:WD_8NW",0.166166356325521,0.401768010587928,0.413587821694319,0.679197318001814,FALSE
"BUL_250:WD_8E",1.50649972716564,2.14710827463058,0.701641246958002,0.482942180986285,FALSE
"BUL_250:WD_8SE",1.46847954217237,1.5337191728814,0.957463118501373,0.338389205661257,FALSE
"BUL_250:WD_8S",0.476173200650841,1.4260983576559,0.333899270057035,0.738472404643463,FALSE
"BUL_250:WD_8SW",0.434845521997654,1.43807528262138,0.302380221155739,0.762377351457451,FALSE
"BUL_250:WD_8W",1.05813990124165,1.44176500831984,0.7339198101879,0.463038983234015,FALSE
"BUL_250:WD_8NW",0.907412637015775,1.4246564175388,0.636934369469516,0.52420265028818,FALSE
"AC_750:WD_8E",1.29550103876706,1.05272765924996,1.23061366098243,0.218536987297459,FALSE
"AC_750:WD_8SE",0.58998412864908,0.741533035226003,0.795627572370078,0.426293941522542,FALSE
"AC_750:WD_8S",0.167050821856987,0.69573703066057,0.240106267878799,0.810259708530918,FALSE
"AC_750:WD_8SW",-0.510061664903286,0.700508464206366,-0.728130623633727,0.466574620889093,FALSE
"AC_750:WD_8W",0.259164907505716,0.701483751214797,0.369452474211849,0.711809300220078,FALSE
"AC_750:WD_8NW",0.311740372594216,0.693393311131392,0.449586645255573,0.653031948055118,FALSE
"FO_1000:WD_8E",2.41916271236845,3.63366018668086,0.665764707783039,0.505598428071169,FALSE
"FO_1000:WD_8SE",-0.817621901284652,2.25515796201025,-0.362556377450307,0.71695472403302,FALSE
"FO_1000:WD_8S",0.047152268948207,2.08479789359908,0.0226171894613755,0.981956717122568,FALSE
"FO_1000:WD_8SW",-0.60973352274855,2.10156048991493,-0.29013370096867,0.771728418730672,FALSE
"FO_1000:WD_8W",0.0898106476377264,2.10311730772462,0.0427035844875877,0.965939872093779,FALSE
"FO_1000:WD_8NW",-0.0226089209616673,2.07155259072005,-0.0109139980625878,0.991292585789632,FALSE
"TPI_500:WD_8E",126.2183710352,198.648181229494,0.635386492108795,0.525211331928331,FALSE
"TPI_500:WD_8SE",18.0340581619126,98.3108698072712,0.183439106960061,0.854462435542427,FALSE
"TPI_500:WD_8S",77.4617488455745,90.403290765199,0.856846561556734,0.391579056578862,FALSE
"TPI_500:WD_8SW",52.1658926330737,90.9386483276581,0.573638311019496,0.566243598262054,FALSE
"TPI_500:WD_8W",75.5969762220946,90.9924970845284,0.830804501956552,0.40613176950247,FALSE
"TPI_500:WD_8NW",49.6111142814219,89.7086162926975,0.553025075312196,0.580275963118392,FALSE
"VH_150:WD_8E",0.00573502654875387,0.199733620585582,0.0287133760052005,0.977094565914771,FALSE
"VH_150:WD_8SE",0.00828836217520003,0.0597320635202136,0.13875901294445,0.889647301519924,FALSE
"VH_150:WD_8S",-0.00195200818900068,0.0544786785359216,-0.0358306816806062,0.971419087862281,FALSE
"VH_150:WD_8SW",0.0146793680015924,0.0566138482229883,0.259289351675475,0.795424827478234,FALSE
"VH_150:WD_8W",0.028878708906071,0.0562012377357658,0.513844713560338,0.607387861621371,FALSE
"VH_150:WD_8NW",0.00898449854388052,0.0534291670023806,0.168157189189946,0.866467795782911,FALSE
"WA_150:WD_8E",0.253870191158257,1.19110344908117,0.213138658404604,0.831229258759479,FALSE
"WA_150:WD_8SE",-0.336049212848136,0.804187827769085,-0.417874035448134,0.676060789589031,FALSE
"WA_150:WD_8S",-0.260823058524004,0.737278052796429,-0.353764848329237,0.723533050931892,FALSE
"WA_150:WD_8SW",-0.173236407535097,0.744480678207089,-0.232694296314442,0.816010248567026,FALSE
"WA_150:WD_8W",-0.0148591492625917,0.747326335430053,-0.0198830799319295,0.984137596514889,FALSE
"WA_150:WD_8NW",-0.301041490043598,0.735888154090203,-0.409085930206042,0.682497665751403,FALSE
"AD:PA_1d",-4.26008894055303e-05,8.96677645484226e-05,-0.475097038719248,0.634742757002999,FALSE
"GA_25:PA_1d",-0.0190595369429507,0.0179812800917784,-1.05996552223583,0.289221836998727,FALSE
"BUL_250:PA_1d",-0.0528033805529868,0.0603128511170155,-0.875491368341065,0.381357162681005,FALSE
"AC_750:PA_1d",-0.035726836569309,0.0277937922229973,-1.28542504321334,0.19871536599963,FALSE
"FO_1000:PA_1d",-0.00703441019521616,0.094091803042381,-0.074761137184795,0.940408358793101,FALSE
"TPI_500:PA_1d",-2.3785993282495,4.03379122862462,-0.589668426905802,0.555444997822027,FALSE
"VH_150:PA_1d",-0.00394314553668573,0.00212692226871538,-1.85392084830036,0.0638212389931311,FALSE
"WA_150:PA_1d",-0.0166524601856883,0.0328583479169563,-0.506795418557698,0.612325238044336,FALSE
